key,occurrenceStatus,scientificName,species,dateIdentified,decimalLongitude,decimalLatitude,coordinateUncertaintyInMeters,year,month,day,eventDate,issues,modified,individualCount,identificationRemarks
4014871079,PRESENT,"Nucella lapillus (Linnaeus, 1758)",Nucella lapillus,2023-01-06T19:36:46,-3.015385,53.653147,2.0,2023,1,6,2023-01-06T11:29:00,"['COORDINATE_ROUNDED', 'CONTINENT_DERIVED_FROM_COORDINATES']",2023-01-07T13:51:20.000+00:00,,
4029261512,PRESENT,"Nucella lapillus (Linnaeus, 1758)",Nucella lapillus,2023-02-06T19:25:14,-6.112364,53.288512,23.0,2023,2,6,2023-02-06T16:02:55,"['COORDINATE_ROUNDED', 'CONTINENT_DERIVED_FROM_COORDINATES']",2023-02-07T06:19:08.000+00:00,,
4039278498,PRESENT,"Nucella lapillus (Linnaeus, 1758)",Nucella lapillus,2023-02-16T15:47:15,-5.729261,54.671819,,2023,2,16,2023-02-16T12:14:54,"['COORDINATE_ROUNDED', 'CONTINENT_DERIVED_FROM_COORDINATES']",2023-02-16T17:57:08.000+00:00,,
3456521601,PRESENT,"Nucella lapillus (Linnaeus, 1758)",Nucella lapillus,2022-01-11T14:40:27,-5.738825,54.675267,,2022,1,11,2022-01-11T12:04:07,"['COORDINATE_ROUNDED', 'CONTINENT_DERIVED_FROM_COORDINATES']",2022-01-11T15:36:27.000+00:00,,
3468712021,PRESENT,"Nucella lapillus (Linnaeus, 1758)",Nucella lapillus,2022-02-08T20:11:26,-5.738846,54.675184,,2022,2,8,2022-02-08T10:03:43,"['COORDINATE_ROUNDED', 'CONTINENT_DERIVED_FROM_COORDINATES']",2022-02-08T22:14:02.000+00:00,,
3859882956,PRESENT,"Nucella lapillus (Linnaeus, 1758)",Nucella lapillus,2022-03-25T20:47:53,-6.059755,53.147186,20.0,2022,3,25,2022-03-25T13:24:48,"['COORDINATE_ROUNDED', 'CONTINENT_DERIVED_FROM_COORDINATES']",2022-09-21T14:29:51.000+00:00,,
3859372961,PRESENT,"Nucella lapillus (Linnaeus, 1758)",Nucella lapillus,2022-03-29T19:36:12,-6.059797,53.147281,22.0,2022,3,29,2022-03-29T13:24:39,"['COORDINATE_ROUNDED', 'CONTINENT_DERIVED_FROM_COORDINATES']",2022-09-21T14:25:17.000+00:00,,
3759411324,PRESENT,"Nucella lapillus (Linnaeus, 1758)",Nucella lapillus,2022-04-09T05:56:47,-4.09106,53.26207,,2022,4,8,2022-04-08T13:43:23,"['COORDINATE_ROUNDED', 'CONTINENT_DERIVED_FROM_COORDINATES']",2022-04-09T09:36:24.000+00:00,,
3759721142,PRESENT,"Nucella lapillus (Linnaeus, 1758)",Nucella lapillus,2022-04-16T21:05:13,-6.224713,54.099533,,2022,4,16,2022-04-16T16:48:56,"['COORDINATE_ROUNDED', 'CONTINENT_DERIVED_FROM_COORDINATES']",2022-04-16T21:32:11.000+00:00,,
3764148689,PRESENT,"Nucella lapillus (Linnaeus, 1758)",Nucella lapillus,2022-04-23T19:11:05,-5.618845,54.676785,,2022,4,23,2022-04-23T11:50:00,['CONTINENT_DERIVED_FROM_COORDINATES'],2022-04-23T19:21:25.000+00:00,,
3784762448,PRESENT,"Nucella lapillus (Linnaeus, 1758)",Nucella lapillus,2022-04-23T20:21:49,-5.618345,54.676893,,2022,4,23,2022-04-23T11:07:00,"['COORDINATE_ROUNDED', 'CONTINENT_DERIVED_FROM_COORDINATES']",2022-05-23T15:14:45.000+00:00,,
3784995436,PRESENT,"Nucella lapillus (Linnaeus, 1758)",Nucella lapillus,2022-05-02T16:33:14,-5.732856,54.672473,,2022,4,29,2022-04-29T17:22:19,"['COORDINATE_ROUNDED', 'CONTINENT_DERIVED_FROM_COORDINATES']",2022-05-21T07:38:56.000+00:00,,
3802439504,PRESENT,"Nucella lapillus (Linnaeus, 1758)",Nucella lapillus,2022-05-27T16:16:14,-5.439138,54.454128,4.0,2022,5,14,2022-05-14T16:32:52,"['COORDINATE_ROUNDED', 'CONTINENT_DERIVED_FROM_COORDINATES']",2022-05-27T16:22:33.000+00:00,,
3802334499,PRESENT,"Nucella lapillus (Linnaeus, 1758)",Nucella lapillus,2022-05-27T16:17:51,-5.622925,54.55882,4.0,2022,5,15,2022-05-15T16:24:35,['CONTINENT_DERIVED_FROM_COORDINATES'],2022-05-27T16:19:32.000+00:00,,Egg sacs of Atlantic dogwhelks - very cool!
3802353022,PRESENT,"Nucella lapillus (Linnaeus, 1758)",Nucella lapillus,2022-05-22T18:41:50,-5.959113,54.972388,,2022,5,22,2022-05-22T10:36:00,"['COORDINATE_ROUNDED', 'CONTINENT_DERIVED_FROM_COORDINATES']",2022-05-23T12:13:35.000+00:00,,
3802560109,PRESENT,"Nucella lapillus (Linnaeus, 1758)",Nucella lapillus,2022-05-22T19:24:08,-4.608447,53.422198,488.0,2022,5,19,2022-05-19T19:21:00,"['COORDINATE_ROUNDED', 'CONTINENT_DERIVED_FROM_COORDINATES']",2022-05-22T19:46:53.000+00:00,,
3859082463,PRESENT,"Nucella lapillus (Linnaeus, 1758)",Nucella lapillus,2022-05-28T14:29:07,-4.65095,53.287542,201.0,2022,5,28,2022-05-28T12:54:09,"['COORDINATE_ROUNDED', 'CONTINENT_DERIVED_FROM_COORDINATES']",2022-07-05T20:31:20.000+00:00,,
3860415212,PRESENT,"Nucella lapillus (Linnaeus, 1758)",Nucella lapillus,2022-06-03T10:33:34,-5.533156,54.622103,,2022,5,23,2022-05-23T15:51:17,"['COORDINATE_ROUNDED', 'CONTINENT_DERIVED_FROM_COORDINATES']",2022-06-03T13:59:39.000+00:00,,
3826964073,PRESENT,"Nucella lapillus (Linnaeus, 1758)",Nucella lapillus,,-3.173401,54.078895,28.0,2022,5,2,2022-05-02T00:00:00,"['COORDINATE_ROUNDED', 'CONTINENT_DERIVED_FROM_COORDINATES', 'OCCURRENCE_STATUS_INFERRED_FROM_INDIVIDUAL_COUNT']",2022-05-11T00:00:00.000+00:00,1.0,
3874318320,PRESENT,"Nucella lapillus (Linnaeus, 1758)",Nucella lapillus,,-4.421547,54.175519,7.1,2022,5,7,2022-05-07T00:00:00,"['COUNTRY_DERIVED_FROM_COORDINATES', 'CONTINENT_DERIVED_FROM_COORDINATES', 'INDIVIDUAL_COUNT_INVALID']",,,
3860211360,PRESENT,"Nucella lapillus (Linnaeus, 1758)",Nucella lapillus,2022-06-04T13:01:16,-4.08594,54.817033,1600.0,2022,6,4,2022-06-04T13:49:00,"['COORDINATE_ROUNDED', 'CONTINENT_DERIVED_FROM_COORDINATES']",2022-06-26T18:35:12.000+00:00,,
3860639475,PRESENT,"Nucella lapillus (Linnaeus, 1758)",Nucella lapillus,2022-06-05T14:52:09,-4.04025,53.310332,31.0,2022,6,2,2022-06-02T07:07:00,"['COORDINATE_ROUNDED', 'CONTINENT_DERIVED_FROM_COORDINATES']",2022-07-05T20:23:45.000+00:00,,
3860276517,PRESENT,"Nucella lapillus (Linnaeus, 1758)",Nucella lapillus,2022-06-05T17:07:23,-3.174846,54.072924,,2022,6,3,2022-06-03T18:01:10,"['COORDINATE_ROUNDED', 'CONTINENT_DERIVED_FROM_COORDINATES']",2022-06-05T19:39:16.000+00:00,,
3860472281,PRESENT,"Nucella lapillus (Linnaeus, 1758)",Nucella lapillus,2022-06-11T18:09:47,-4.336339,52.217646,256.0,2022,6,7,2022-06-07T13:50:00,"['COORDINATE_ROUNDED', 'CONTINENT_DERIVED_FROM_COORDINATES']",2022-06-11T18:34:06.000+00:00,,
3858690444,PRESENT,"Nucella lapillus (Linnaeus, 1758)",Nucella lapillus,2022-06-12T20:33:49,-5.823086,54.650711,,2022,6,12,2022-06-12T16:31:16,"['COORDINATE_ROUNDED', 'CONTINENT_DERIVED_FROM_COORDINATES']",2022-06-13T12:51:51.000+00:00,,
3966472438,PRESENT,"Nucella lapillus (Linnaeus, 1758)",Nucella lapillus,2022-06-13T12:51:33,-5.823086,54.650711,,2022,6,12,2022-06-12T16:31:26,"['COORDINATE_ROUNDED', 'CONTINENT_DERIVED_FROM_COORDINATES']",2022-11-13T22:04:41.000+00:00,,Eggs of dogwhelk
3858907086,PRESENT,"Nucella lapillus (Linnaeus, 1758)",Nucella lapillus,2022-06-24T10:41:47,-4.089827,52.416457,8.0,2022,6,24,2022-06-24T11:41:18,"['COORDINATE_ROUNDED', 'CONTINENT_DERIVED_FROM_COORDINATES']",2022-07-05T20:23:15.000+00:00,,
3873207928,PRESENT,"Nucella lapillus (Linnaeus, 1758)",Nucella lapillus,2022-07-24T10:54:26,-4.634643,53.317137,2.0,2022,6,13,2022-06-13T16:24:00,"['COORDINATE_ROUNDED', 'CONTINENT_DERIVED_FROM_COORDINATES']",2022-07-25T13:00:55.000+00:00,,
3903137696,PRESENT,"Nucella lapillus (Linnaeus, 1758)",Nucella lapillus,2022-09-08T20:47:10,-4.634651,53.317141,2.0,2022,6,13,2022-06-13T16:24:00,"['COORDINATE_ROUNDED', 'CONTINENT_DERIVED_FROM_COORDINATES']",2022-09-10T11:37:24.000+00:00,,
3903477267,PRESENT,"Nucella lapillus (Linnaeus, 1758)",Nucella lapillus,2022-09-09T18:09:02,-4.618657,53.276269,2.0,2022,6,10,2022-06-10T11:11:00,"['COORDINATE_ROUNDED', 'CONTINENT_DERIVED_FROM_COORDINATES']",2022-09-10T10:33:45.000+00:00,,
3988718602,PRESENT,"Nucella lapillus (Linnaeus, 1758)",Nucella lapillus,2022-10-17T10:22:28,-4.636061,53.317155,2.0,2022,6,13,2022-06-13T16:04:00,"['COORDINATE_ROUNDED', 'CONTINENT_DERIVED_FROM_COORDINATES']",2022-12-01T17:38:56.000+00:00,,
3859615216,PRESENT,"Nucella lapillus (Linnaeus, 1758)",Nucella lapillus,2022-07-05T00:00:17,-4.401612,54.210922,11.0,2022,7,3,2022-07-03T21:36:41,"['COORDINATE_ROUNDED', 'CONTINENT_DERIVED_FROM_COORDINATES']",2022-07-05T05:33:05.000+00:00,,
3874078459,PRESENT,"Nucella lapillus (Linnaeus, 1758)",Nucella lapillus,2022-07-18T11:43:47,-4.58628,54.76001,8.0,2022,7,18,2022-07-18T12:43:24,"['COORDINATE_ROUNDED', 'CONTINENT_DERIVED_FROM_COORDINATES']",2022-07-20T18:49:43.000+00:00,,
3902132867,PRESENT,"Nucella lapillus (Linnaeus, 1758)",Nucella lapillus,2022-07-26T18:18:08,-4.501556,52.818935,645.0,2022,7,26,2022-07-26T19:01:10,"['COORDINATE_ROUNDED', 'CONTINENT_DERIVED_FROM_COORDINATES']",2022-08-31T15:13:39.000+00:00,,
3881501129,PRESENT,"Nucella lapillus (Linnaeus, 1758)",Nucella lapillus,2022-07-29T15:25:52,-5.626553,54.56012,5.0,2022,7,29,2022-07-29T16:00:49,"['COORDINATE_ROUNDED', 'CONTINENT_DERIVED_FROM_COORDINATES']",2022-07-29T17:00:18.000+00:00,,
3892326493,PRESENT,"Nucella lapillus (Linnaeus, 1758)",Nucella lapillus,2022-07-31T09:26:45,-5.738858,54.675071,,2022,7,29,2022-07-29T17:46:02,"['COORDINATE_ROUNDED', 'CONTINENT_DERIVED_FROM_COORDINATES']",2022-08-11T12:42:06.000+00:00,,
4011571528,PRESENT,"Nucella lapillus (Linnaeus, 1758)",Nucella lapillus,2022-08-06T20:03:37,-3.040142,53.443016,33.0,2022,8,6,2022-08-06T15:48:10,"['COORDINATE_ROUNDED', 'CONTINENT_DERIVED_FROM_COORDINATES']",2022-12-30T12:23:31.000+00:00,,
3961338528,PRESENT,"Nucella lapillus (Linnaeus, 1758)",Nucella lapillus,2022-08-14T19:27:33,-5.625147,54.55985,4.0,2022,8,14,2022-08-14T19:43:24,"['COORDINATE_ROUNDED', 'CONTINENT_DERIVED_FROM_COORDINATES']",2022-10-26T13:35:45.000+00:00,,
3988476515,PRESENT,"Nucella lapillus (Linnaeus, 1758)",Nucella lapillus,2022-08-17T21:22:47,-4.218121,53.318513,160.0,2022,8,10,2022-08-10T14:58:34,"['COORDINATE_ROUNDED', 'CONTINENT_DERIVED_FROM_COORDINATES']",2022-12-01T17:44:39.000+00:00,,
3902319135,PRESENT,"Nucella lapillus (Linnaeus, 1758)",Nucella lapillus,2022-08-17T21:37:49,-3.831138,53.326949,517.0,2022,8,5,2022-08-05T04:40:00,"['COORDINATE_ROUNDED', 'CONTINENT_DERIVED_FROM_COORDINATES']",2022-08-18T04:52:01.000+00:00,,
3902249914,PRESENT,"Nucella lapillus (Linnaeus, 1758)",Nucella lapillus,2022-08-17T21:37:50,-3.831138,53.326949,517.0,2022,8,5,2022-08-05T04:40:00,"['COORDINATE_ROUNDED', 'CONTINENT_DERIVED_FROM_COORDINATES']",2022-08-18T04:51:54.000+00:00,,
3902469533,PRESENT,"Nucella lapillus (Linnaeus, 1758)",Nucella lapillus,2022-08-17T21:37:50,-3.831138,53.326949,517.0,2022,8,5,2022-08-05T05:01:00,"['COORDINATE_ROUNDED', 'CONTINENT_DERIVED_FROM_COORDINATES']",2022-08-18T04:51:45.000+00:00,,
3902378795,PRESENT,"Nucella lapillus (Linnaeus, 1758)",Nucella lapillus,2022-08-20T19:02:39,-6.207728,54.096795,,2022,8,20,2022-08-20T12:24:00,"['COORDINATE_ROUNDED', 'CONTINENT_DERIVED_FROM_COORDINATES']",2022-08-24T21:42:06.000+00:00,,
3902578224,PRESENT,"Nucella lapillus (Linnaeus, 1758)",Nucella lapillus,2022-08-21T19:01:23,-6.209975,54.0976,8.0,2022,8,21,2022-08-21T12:36:34,['CONTINENT_DERIVED_FROM_COORDINATES'],2022-08-25T08:48:35.000+00:00,,
3903060084,PRESENT,"Nucella lapillus (Linnaeus, 1758)",Nucella lapillus,2022-08-23T16:23:35,-5.678528,54.668165,22.0,2022,8,23,2022-08-23T14:26:53,"['COORDINATE_ROUNDED', 'CONTINENT_DERIVED_FROM_COORDINATES']",2022-09-11T18:31:47.000+00:00,,
3923531615,PRESENT,"Nucella lapillus (Linnaeus, 1758)",Nucella lapillus,2022-08-25T09:53:38,-6.209549,54.097609,,2022,8,21,2022-08-21T13:26:55,"['COORDINATE_ROUNDED', 'CONTINENT_DERIVED_FROM_COORDINATES']",2022-10-02T10:31:48.000+00:00,,
3923523610,PRESENT,"Nucella lapillus (Linnaeus, 1758)",Nucella lapillus,2022-08-25T20:11:40,-5.677907,54.667904,14.0,2022,8,25,2022-08-25T19:16:00,"['COORDINATE_ROUNDED', 'CONTINENT_DERIVED_FROM_COORDINATES']",2022-09-29T08:36:28.000+00:00,,
3923223600,PRESENT,"Nucella lapillus (Linnaeus, 1758)",Nucella lapillus,2022-08-29T16:49:47,-5.67801,54.667926,11.0,2022,8,29,2022-08-29T16:21:54,"['COORDINATE_ROUNDED', 'CONTINENT_DERIVED_FROM_COORDINATES']",2022-09-29T08:37:44.000+00:00,,
3923648636,PRESENT,"Nucella lapillus (Linnaeus, 1758)",Nucella lapillus,2022-09-02T20:01:47,-5.67748,54.6671,,2022,9,2,2022-09-02T19:17:21,['CONTINENT_DERIVED_FROM_COORDINATES'],2022-09-29T08:22:11.000+00:00,,
3923610604,PRESENT,"Nucella lapillus (Linnaeus, 1758)",Nucella lapillus,2022-09-02T20:09:27,-5.677222,54.6675,,2022,9,2,2022-09-02T19:39:35,"['COORDINATE_ROUNDED', 'CONTINENT_DERIVED_FROM_COORDINATES']",2022-09-29T08:25:20.000+00:00,,
3903521637,PRESENT,"Nucella lapillus (Linnaeus, 1758)",Nucella lapillus,2022-09-07T15:22:19,-5.532361,54.624604,,2022,9,7,2022-09-07T14:06:24,"['COORDINATE_ROUNDED', 'CONTINENT_DERIVED_FROM_COORDINATES']",2022-10-09T13:53:30.000+00:00,,
3988852692,PRESENT,"Nucella lapillus (Linnaeus, 1758)",Nucella lapillus,2022-11-29T22:15:12,-5.709528,54.746905,6.0,2022,9,14,2022-09-14T11:57:20,"['COORDINATE_ROUNDED', 'CONTINENT_DERIVED_FROM_COORDINATES']",2022-12-01T17:37:35.000+00:00,,
4009842009,PRESENT,"Nucella lapillus (Linnaeus, 1758)",Nucella lapillus,2022-12-24T19:23:30,-6.111664,53.288189,1.0,2022,9,16,2022-09-16T19:18:00,"['COORDINATE_ROUNDED', 'CONTINENT_DERIVED_FROM_COORDINATES']",2022-12-26T01:44:22.000+00:00,,
3994043693,PRESENT,"Nucella lapillus (Linnaeus, 1758)",Nucella lapillus,2022-12-04T21:04:19,-6.161584,53.298841,78.0,2022,11,24,2022-11-24T18:15:00,"['COORDINATE_ROUNDED', 'CONTINENT_DERIVED_FROM_COORDINATES']",2022-12-08T00:15:19.000+00:00,,
3031613146,PRESENT,"Nucella lapillus (Linnaeus, 1758)",Nucella lapillus,2021-01-09T20:16:47,-5.670518,54.494036,3.0,2021,1,7,2021-01-07T14:51:47,"['COORDINATE_ROUNDED', 'CONTINENT_DERIVED_FROM_COORDINATES']",2021-01-10T21:38:00.000+00:00,,
3385047294,PRESENT,"Nucella lapillus (Linnaeus, 1758)",Nucella lapillus,2021-09-26T13:09:59,-5.62967,54.452908,,2021,1,7,2021-01-07T15:14:00,"['COORDINATE_ROUNDED', 'CONTINENT_DERIVED_FROM_COORDINATES']",2021-09-26T20:56:01.000+00:00,,
3771311889,PRESENT,"Nucella lapillus (Linnaeus, 1758)",Nucella lapillus,,-5.479684,54.555618,100.0,2021,1,22,2021-01-22T00:00:00,"['COORDINATE_ROUNDED', 'GEODETIC_DATUM_INVALID', 'GEODETIC_DATUM_ASSUMED_WGS84', 'COUNTRY_DERIVED_FROM_COORDINATES', 'CONTINENT_DERIVED_FROM_COORDINATES']",2023-02-07T12:37:13.000+00:00,,
3771308066,PRESENT,"Nucella lapillus (Linnaeus, 1758)",Nucella lapillus,,-5.56004,54.659704,100.0,2021,1,26,2021-01-26T00:00:00,"['COORDINATE_ROUNDED', 'GEODETIC_DATUM_INVALID', 'GEODETIC_DATUM_ASSUMED_WGS84', 'COUNTRY_DERIVED_FROM_COORDINATES', 'CONTINENT_DERIVED_FROM_COORDINATES']",2023-02-07T12:37:13.000+00:00,,
3771305822,PRESENT,"Nucella lapillus (Linnaeus, 1758)",Nucella lapillus,,-5.677447,54.666506,100.0,2021,1,20,2021-01-20T00:00:00,"['COORDINATE_ROUNDED', 'GEODETIC_DATUM_INVALID', 'GEODETIC_DATUM_ASSUMED_WGS84', 'COUNTRY_DERIVED_FROM_COORDINATES', 'CONTINENT_DERIVED_FROM_COORDINATES']",2023-02-07T12:37:13.000+00:00,,
3771310251,PRESENT,"Nucella lapillus (Linnaeus, 1758)",Nucella lapillus,,-5.722304,54.668257,100.0,2021,1,27,2021-01-27T00:00:00,"['COORDINATE_ROUNDED', 'GEODETIC_DATUM_INVALID', 'GEODETIC_DATUM_ASSUMED_WGS84', 'COUNTRY_DERIVED_FROM_COORDINATES', 'CONTINENT_DERIVED_FROM_COORDINATES']",2023-02-07T12:37:13.000+00:00,,
3771306912,PRESENT,"Nucella lapillus (Linnaeus, 1758)",Nucella lapillus,,-5.882906,54.680156,100.0,2021,1,7,2021-01-07T00:00:00,"['COORDINATE_ROUNDED', 'GEODETIC_DATUM_INVALID', 'GEODETIC_DATUM_ASSUMED_WGS84', 'COUNTRY_DERIVED_FROM_COORDINATES', 'CONTINENT_DERIVED_FROM_COORDINATES']",2023-02-07T12:37:13.000+00:00,,
3771308581,PRESENT,"Nucella lapillus (Linnaeus, 1758)",Nucella lapillus,,-5.819825,54.708899,100.0,2021,1,27,2021-01-27T00:00:00,"['COORDINATE_ROUNDED', 'COUNTRY_DERIVED_FROM_COORDINATES', 'CONTINENT_DERIVED_FROM_COORDINATES']",2023-02-07T12:37:13.000+00:00,,
3771305519,PRESENT,"Nucella lapillus (Linnaeus, 1758)",Nucella lapillus,,-5.822113,54.70973,100.0,2021,1,21,2021-01-21T00:00:00,"['COORDINATE_ROUNDED', 'COUNTRY_DERIVED_FROM_COORDINATES', 'CONTINENT_DERIVED_FROM_COORDINATES']",2023-02-07T12:37:13.000+00:00,,
3771311641,PRESENT,"Nucella lapillus (Linnaeus, 1758)",Nucella lapillus,,-5.783084,54.721706,100.0,2021,1,27,2021-01-27T00:00:00,"['COORDINATE_ROUNDED', 'COUNTRY_DERIVED_FROM_COORDINATES', 'CONTINENT_DERIVED_FROM_COORDINATES']",2023-02-07T12:37:13.000+00:00,,
3771308159,PRESENT,"Nucella lapillus (Linnaeus, 1758)",Nucella lapillus,,-5.694292,54.773617,100.0,2021,1,20,2021-01-20T00:00:00,"['COORDINATE_ROUNDED', 'COUNTRY_DERIVED_FROM_COORDINATES', 'CONTINENT_DERIVED_FROM_COORDINATES']",2023-02-07T12:37:13.000+00:00,,
3771304877,PRESENT,"Nucella lapillus (Linnaeus, 1758)",Nucella lapillus,,-5.791676,54.846548,100.0,2021,1,25,2021-01-25T00:00:00,"['COORDINATE_ROUNDED', 'GEODETIC_DATUM_INVALID', 'GEODETIC_DATUM_ASSUMED_WGS84', 'COUNTRY_DERIVED_FROM_COORDINATES', 'CONTINENT_DERIVED_FROM_COORDINATES']",2023-02-07T12:37:13.000+00:00,,
3442477332,PRESENT,"Nucella lapillus (Linnaeus, 1758)",Nucella lapillus,,-5.632,54.452,,2021,1,4,2021-01-04T00:00:00,"['GEODETIC_DATUM_ASSUMED_WGS84', 'COUNTRY_DERIVED_FROM_COORDINATES', 'CONTINENT_DERIVED_FROM_COORDINATES']",,,
3079531092,PRESENT,"Nucella lapillus (Linnaeus, 1758)",Nucella lapillus,2021-02-01T18:27:17,-5.602872,54.541812,61.0,2021,2,1,2021-02-01T08:57:00,"['COORDINATE_ROUNDED', 'CONTINENT_DERIVED_FROM_COORDINATES']",2021-04-07T09:19:54.000+00:00,,
3415861525,PRESENT,"Nucella lapillus (Linnaeus, 1758)",Nucella lapillus,2021-02-01T18:27:20,-5.605408,54.54165,,2021,2,1,2021-02-01T09:04:00,"['COORDINATE_ROUNDED', 'CONTINENT_DERIVED_FROM_COORDINATES']",2021-11-26T17:09:07.000+00:00,,
3044612819,PRESENT,"Nucella lapillus (Linnaeus, 1758)",Nucella lapillus,2021-02-01T18:27:24,-5.605583,54.541387,,2021,2,1,2021-02-01T09:50:00,"['COORDINATE_ROUNDED', 'CONTINENT_DERIVED_FROM_COORDINATES']",2021-02-18T21:08:13.000+00:00,,
3039124248,PRESENT,"Nucella lapillus (Linnaeus, 1758)",Nucella lapillus,2021-02-02T14:31:45,-5.605595,54.54138,,2021,2,1,2021-02-01T09:35:00,['CONTINENT_DERIVED_FROM_COORDINATES'],2021-05-19T14:16:06.000+00:00,,
3044751851,PRESENT,"Nucella lapillus (Linnaeus, 1758)",Nucella lapillus,2021-02-02T14:31:50,-5.605463,54.541587,,2021,2,1,2021-02-01T08:58:00,"['COORDINATE_ROUNDED', 'CONTINENT_DERIVED_FROM_COORDINATES']",2021-05-19T14:16:06.000+00:00,,
3039276737,PRESENT,"Nucella lapillus (Linnaeus, 1758)",Nucella lapillus,2021-02-07T22:58:43,-5.527526,54.310005,,2021,2,7,2021-02-07T15:57:33,"['COORDINATE_ROUNDED', 'CONTINENT_DERIVED_FROM_COORDINATES']",2021-02-08T08:59:42.000+00:00,,
3058731809,PRESENT,"Nucella lapillus (Linnaeus, 1758)",Nucella lapillus,2021-02-26T12:12:24,-5.631942,54.790865,25685.0,2021,2,25,2021-02-25T17:31:40,['COORDINATE_ROUNDED'],2021-03-06T11:07:38.000+00:00,,
3771311102,PRESENT,"Nucella lapillus (Linnaeus, 1758)",Nucella lapillus,,-5.558492,54.659673,100.0,2021,2,6,2021-02-06T00:00:00,"['COORDINATE_ROUNDED', 'GEODETIC_DATUM_INVALID', 'GEODETIC_DATUM_ASSUMED_WGS84', 'COUNTRY_DERIVED_FROM_COORDINATES', 'CONTINENT_DERIVED_FROM_COORDINATES']",2023-02-07T12:37:13.000+00:00,,
3771305022,PRESENT,"Nucella lapillus (Linnaeus, 1758)",Nucella lapillus,,-5.694516,54.775555,100.0,2021,2,24,2021-02-24T00:00:00,"['COORDINATE_ROUNDED', 'GEODETIC_DATUM_INVALID', 'GEODETIC_DATUM_ASSUMED_WGS84', 'COUNTRY_DERIVED_FROM_COORDINATES', 'CONTINENT_DERIVED_FROM_COORDINATES']",2023-02-07T12:37:13.000+00:00,,
3771309140,PRESENT,"Nucella lapillus (Linnaeus, 1758)",Nucella lapillus,,-5.863585,54.901187,100.0,2021,2,8,2021-02-08T00:00:00,"['COORDINATE_ROUNDED', 'COUNTRY_DERIVED_FROM_COORDINATES', 'CONTINENT_DERIVED_FROM_COORDINATES']",2023-02-07T12:37:13.000+00:00,,
3079746124,PRESENT,"Nucella lapillus (Linnaeus, 1758)",Nucella lapillus,2021-03-04T21:26:18,-4.400462,54.204055,20.0,2021,3,4,2021-03-04T11:16:25,"['COORDINATE_ROUNDED', 'CONTINENT_DERIVED_FROM_COORDINATES']",2021-04-07T12:08:54.000+00:00,,
3070706585,PRESENT,"Nucella lapillus (Linnaeus, 1758)",Nucella lapillus,2021-03-23T17:44:05,-5.638521,54.667838,116.0,2021,3,14,2021-03-14T17:44:09,"['COORDINATE_ROUNDED', 'CONTINENT_DERIVED_FROM_COORDINATES']",2021-03-29T12:54:15.000+00:00,,
3079723179,PRESENT,"Nucella lapillus (Linnaeus, 1758)",Nucella lapillus,2021-03-23T08:35:01,-4.401938,54.209328,29.0,2021,3,22,2021-03-22T09:14:37,"['COORDINATE_ROUNDED', 'CONTINENT_DERIVED_FROM_COORDINATES']",2021-04-07T09:53:07.000+00:00,,
3079794165,PRESENT,"Nucella lapillus (Linnaeus, 1758)",Nucella lapillus,2021-03-23T14:03:55,-4.402018,54.208476,64.0,2021,3,22,2021-03-22T11:00:00,"['COORDINATE_ROUNDED', 'CONTINENT_DERIVED_FROM_COORDINATES']",2021-04-08T06:59:50.000+00:00,,
3079530231,PRESENT,"Nucella lapillus (Linnaeus, 1758)",Nucella lapillus,2021-03-24T09:20:35,-4.380941,54.323929,47.0,2021,3,23,2021-03-23T09:19:00,"['COORDINATE_ROUNDED', 'CONTINENT_DERIVED_FROM_COORDINATES']",2021-04-07T09:51:50.000+00:00,,
3068065134,PRESENT,"Nucella lapillus (Linnaeus, 1758)",Nucella lapillus,2021-03-24T21:12:43,-4.401772,54.209713,20.0,2021,3,24,2021-03-24T14:48:31,"['COORDINATE_ROUNDED', 'CONTINENT_DERIVED_FROM_COORDINATES']",2021-03-24T21:29:34.000+00:00,,
3070723505,PRESENT,"Nucella lapillus (Linnaeus, 1758)",Nucella lapillus,2021-03-26T14:27:48,-5.852088,54.90027,4.0,2021,3,24,2021-03-24T13:08:43,"['COORDINATE_ROUNDED', 'CONTINENT_DERIVED_FROM_COORDINATES']",2021-03-29T09:12:33.000+00:00,,
3070405396,PRESENT,"Nucella lapillus (Linnaeus, 1758)",Nucella lapillus,2021-03-29T09:11:28,-5.852592,54.900142,3.0,2021,3,24,2021-03-24T14:08:20,"['COORDINATE_ROUNDED', 'CONTINENT_DERIVED_FROM_COORDINATES']",2021-04-02T10:47:54.000+00:00,,
3070653410,PRESENT,"Nucella lapillus (Linnaeus, 1758)",Nucella lapillus,2021-03-29T20:17:53,-5.559961,54.659968,48.0,2021,3,29,2021-03-29T19:28:47,"['COORDINATE_ROUNDED', 'CONTINENT_DERIVED_FROM_COORDINATES']",2021-04-01T10:23:31.000+00:00,,
3070698297,PRESENT,"Nucella lapillus (Linnaeus, 1758)",Nucella lapillus,2021-03-30T12:12:23,-5.463148,54.50584,,2021,3,20,2021-03-20T10:01:00,"['COORDINATE_ROUNDED', 'CONTINENT_DERIVED_FROM_COORDINATES']",2021-03-30T12:21:02.000+00:00,,
3070760623,PRESENT,"Nucella lapillus (Linnaeus, 1758)",Nucella lapillus,2021-04-01T00:46:48,-5.767171,54.669516,8.0,2021,3,31,2021-03-31T08:27:11,"['COORDINATE_ROUNDED', 'CONTINENT_DERIVED_FROM_COORDINATES']",2021-04-01T10:09:27.000+00:00,,
3771311432,PRESENT,"Nucella lapillus (Linnaeus, 1758)",Nucella lapillus,,-6.103734,53.212983,100.0,2021,3,22,2021-03-22T00:00:00,"['COORDINATE_ROUNDED', 'COUNTRY_DERIVED_FROM_COORDINATES', 'CONTINENT_DERIVED_FROM_COORDINATES']",2023-02-07T12:37:13.000+00:00,,
3771311712,PRESENT,"Nucella lapillus (Linnaeus, 1758)",Nucella lapillus,,-5.478085,54.556483,100.0,2021,3,3,2021-03-03T00:00:00,"['COORDINATE_ROUNDED', 'GEODETIC_DATUM_INVALID', 'GEODETIC_DATUM_ASSUMED_WGS84', 'COUNTRY_DERIVED_FROM_COORDINATES', 'CONTINENT_DERIVED_FROM_COORDINATES']",2023-02-07T12:37:13.000+00:00,,
3771308693,PRESENT,"Nucella lapillus (Linnaeus, 1758)",Nucella lapillus,,-5.529036,54.641463,100.0,2021,3,21,2021-03-21T00:00:00,"['COORDINATE_ROUNDED', 'COUNTRY_DERIVED_FROM_COORDINATES', 'CONTINENT_DERIVED_FROM_COORDINATES']",2023-02-07T12:37:13.000+00:00,,
3771311244,PRESENT,"Nucella lapillus (Linnaeus, 1758)",Nucella lapillus,,-5.709431,54.746657,100.0,2021,3,8,2021-03-08T00:00:00,"['COORDINATE_ROUNDED', 'COUNTRY_DERIVED_FROM_COORDINATES', 'CONTINENT_DERIVED_FROM_COORDINATES']",2023-02-07T12:37:13.000+00:00,,
3771305143,PRESENT,"Nucella lapillus (Linnaeus, 1758)",Nucella lapillus,,-5.797917,54.85236,100.0,2021,3,6,2021-03-06T00:00:00,"['COORDINATE_ROUNDED', 'COUNTRY_DERIVED_FROM_COORDINATES', 'CONTINENT_DERIVED_FROM_COORDINATES']",2023-02-07T12:37:13.000+00:00,,
3771307788,PRESENT,"Nucella lapillus (Linnaeus, 1758)",Nucella lapillus,,-5.779535,54.858512,100.0,2021,3,28,2021-03-28T00:00:00,"['COORDINATE_ROUNDED', 'COUNTRY_DERIVED_FROM_COORDINATES', 'CONTINENT_DERIVED_FROM_COORDINATES']",2023-02-07T12:37:13.000+00:00,,
3771306308,PRESENT,"Nucella lapillus (Linnaeus, 1758)",Nucella lapillus,,-5.904068,54.946268,100.0,2021,3,19,2021-03-19T00:00:00,"['COORDINATE_ROUNDED', 'COUNTRY_DERIVED_FROM_COORDINATES', 'CONTINENT_DERIVED_FROM_COORDINATES']",2023-02-07T12:37:13.000+00:00,,
3771306480,PRESENT,"Nucella lapillus (Linnaeus, 1758)",Nucella lapillus,,-5.93244,54.968725,100.0,2021,3,23,2021-03-23T00:00:00,"['COORDINATE_ROUNDED', 'COUNTRY_DERIVED_FROM_COORDINATES', 'CONTINENT_DERIVED_FROM_COORDINATES']",2023-02-07T12:37:13.000+00:00,,
3786620225,PRESENT,"Nucella lapillus (Linnaeus, 1758)",Nucella lapillus,,-4.472063,52.16103,70.1,2021,3,28,2021-03-28T00:00:00,['CONTINENT_DERIVED_FROM_COORDINATES'],,,
3786655457,PRESENT,"Nucella lapillus (Linnaeus, 1758)",Nucella lapillus,,-4.548053,52.93828,70.1,2021,4,1,2021-04-01T00:00:00,['CONTINENT_DERIVED_FROM_COORDINATES'],,,
3786656557,PRESENT,"Nucella lapillus (Linnaeus, 1758)",Nucella lapillus,,-4.611924,52.82345,70.1,2021,4,6,2021-04-06T00:00:00,['CONTINENT_DERIVED_FROM_COORDINATES'],,,
3109157502,PRESENT,"Nucella lapillus (Linnaeus, 1758)",Nucella lapillus,2021-04-15T11:12:53,-6.144964,54.06458,490.0,2021,4,9,2021-04-09T17:35:47,"['COORDINATE_ROUNDED', 'CONTINENT_DERIVED_FROM_COORDINATES']",2021-04-26T16:44:52.000+00:00,,Yellow flask-shaped capsules of Dog whelk
3090549123,PRESENT,"Nucella lapillus (Linnaeus, 1758)",Nucella lapillus,2021-04-10T22:12:36,-6.164027,54.066265,,2021,4,9,2021-04-09T17:24:44,"['COORDINATE_ROUNDED', 'CONTINENT_DERIVED_FROM_COORDINATES']",2021-04-17T22:12:24.000+00:00,,
3097039237,PRESENT,"Nucella lapillus (Linnaeus, 1758)",Nucella lapillus,2021-04-19T18:36:51,-4.629391,53.281307,10.0,2021,4,19,2021-04-19T19:36:35,"['COORDINATE_ROUNDED', 'CONTINENT_DERIVED_FROM_COORDINATES']",2021-04-19T19:57:29.000+00:00,,
3355505490,PRESENT,"Nucella lapillus (Linnaeus, 1758)",Nucella lapillus,2021-04-23T10:02:15,-5.963983,55.043583,4.0,2021,4,21,2021-04-21T12:16:20,"['COORDINATE_ROUNDED', 'CONTINENT_DERIVED_FROM_COORDINATES']",2021-09-03T14:04:03.000+00:00,,
3109075565,PRESENT,"Nucella lapillus (Linnaeus, 1758)",Nucella lapillus,2021-04-23T10:35:10,-5.964103,55.043339,3.0,2021,4,21,2021-04-21T12:24:59,"['COORDINATE_ROUNDED', 'CONTINENT_DERIVED_FROM_COORDINATES']",2021-04-26T16:35:22.000+00:00,,
3109302048,PRESENT,"Nucella lapillus (Linnaeus, 1758)",Nucella lapillus,2021-04-26T08:41:05,-3.572181,54.580828,1257.0,2021,4,24,2021-04-24T09:14:00,"['COORDINATE_ROUNDED', 'CONTINENT_DERIVED_FROM_COORDINATES']",2021-04-26T09:21:53.000+00:00,,
3320888638,PRESENT,"Nucella lapillus (Linnaeus, 1758)",Nucella lapillus,2021-06-25T11:40:37,-5.964021,55.04333,,2021,4,21,2021-04-21T12:40:26,"['COORDINATE_ROUNDED', 'CONTINENT_DERIVED_FROM_COORDINATES']",2021-06-26T12:30:31.000+00:00,,
4005594563,PRESENT,"Nucella lapillus (Linnaeus, 1758)",Nucella lapillus,,-4.766211,54.08521,70.7,2021,4,24,2021-04-24T00:00:00,"['COUNTRY_DERIVED_FROM_COORDINATES', 'CONTINENT_DERIVED_FROM_COORDINATES']",,,
4005595090,PRESENT,"Nucella lapillus (Linnaeus, 1758)",Nucella lapillus,,-4.764306,54.08509,70.7,2021,4,24,2021-04-24T00:00:00,"['COUNTRY_DERIVED_FROM_COORDINATES', 'CONTINENT_DERIVED_FROM_COORDINATES']",,,
3786653121,PRESENT,"Nucella lapillus (Linnaeus, 1758)",Nucella lapillus,,-4.070165,53.29124,70.1,2021,4,10,2021-04-10T00:00:00,['CONTINENT_DERIVED_FROM_COORDINATES'],,,
4005594857,PRESENT,"Nucella lapillus (Linnaeus, 1758)",Nucella lapillus,,-4.765086,54.08509,70.7,2021,4,24,2021-04-24T00:00:00,"['COUNTRY_DERIVED_FROM_COORDINATES', 'CONTINENT_DERIVED_FROM_COORDINATES']",,,
3771307672,PRESENT,"Nucella lapillus (Linnaeus, 1758)",Nucella lapillus,,-6.10343,53.212111,100.0,2021,4,2,2021-04-02T00:00:00,"['COORDINATE_ROUNDED', 'COUNTRY_DERIVED_FROM_COORDINATES', 'CONTINENT_DERIVED_FROM_COORDINATES']",2023-02-07T12:37:13.000+00:00,,
3771305204,PRESENT,"Nucella lapillus (Linnaeus, 1758)",Nucella lapillus,,-5.854148,54.63742,100.0,2021,4,1,2021-04-01T00:00:00,"['COORDINATE_ROUNDED', 'GEODETIC_DATUM_INVALID', 'GEODETIC_DATUM_ASSUMED_WGS84', 'COUNTRY_DERIVED_FROM_COORDINATES', 'CONTINENT_DERIVED_FROM_COORDINATES']",2023-02-07T12:37:13.000+00:00,,
3771309587,PRESENT,"Nucella lapillus (Linnaeus, 1758)",Nucella lapillus,,-5.56906,54.664379,100.0,2021,4,2,2021-04-02T00:00:00,"['COORDINATE_ROUNDED', 'GEODETIC_DATUM_INVALID', 'GEODETIC_DATUM_ASSUMED_WGS84', 'COUNTRY_DERIVED_FROM_COORDINATES', 'CONTINENT_DERIVED_FROM_COORDINATES']",2023-02-07T12:37:13.000+00:00,,
3771309459,PRESENT,"Nucella lapillus (Linnaeus, 1758)",Nucella lapillus,,-5.691435,54.665875,100.0,2021,4,1,2021-04-01T00:00:00,"['COORDINATE_ROUNDED', 'GEODETIC_DATUM_INVALID', 'GEODETIC_DATUM_ASSUMED_WGS84', 'COUNTRY_DERIVED_FROM_COORDINATES', 'CONTINENT_DERIVED_FROM_COORDINATES']",2023-02-07T12:37:13.000+00:00,,
3771306527,PRESENT,"Nucella lapillus (Linnaeus, 1758)",Nucella lapillus,,-5.798346,54.854065,100.0,2021,4,9,2021-04-09T00:00:00,"['COORDINATE_ROUNDED', 'COUNTRY_DERIVED_FROM_COORDINATES', 'CONTINENT_DERIVED_FROM_COORDINATES']",2023-02-07T12:37:13.000+00:00,,
4005594483,PRESENT,"Nucella lapillus (Linnaeus, 1758)",Nucella lapillus,,-4.756809,54.06013,70.7,2021,5,22,2021-05-22T00:00:00,"['COUNTRY_DERIVED_FROM_COORDINATES', 'CONTINENT_DERIVED_FROM_COORDINATES']",,,
3113313973,PRESENT,"Nucella lapillus (Linnaeus, 1758)",Nucella lapillus,2021-05-08T19:01:03,-5.573425,54.66985,,2021,5,8,2021-05-08T15:28:28,"['COORDINATE_ROUNDED', 'CONTINENT_DERIVED_FROM_COORDINATES']",2021-05-09T05:19:01.000+00:00,,
3113642648,PRESENT,"Nucella lapillus (Linnaeus, 1758)",Nucella lapillus,2021-05-12T09:35:13,-5.738557,54.675662,,2021,5,11,2021-05-11T17:41:15,['CONTINENT_DERIVED_FROM_COORDINATES'],2021-05-12T11:28:12.000+00:00,,
3118330000,PRESENT,"Nucella lapillus (Linnaeus, 1758)",Nucella lapillus,2021-05-16T09:56:45,-5.738227,54.674717,,2021,5,15,2021-05-15T19:23:03,['CONTINENT_DERIVED_FROM_COORDINATES'],2021-05-23T10:47:24.000+00:00,,
3302070678,PRESENT,"Nucella lapillus (Linnaeus, 1758)",Nucella lapillus,2021-05-23T09:34:23,-5.738805,54.675069,,2021,5,22,2021-05-22T14:45:07,['CONTINENT_DERIVED_FROM_COORDINATES'],2021-06-04T12:43:59.000+00:00,,
3302060692,PRESENT,"Nucella lapillus (Linnaeus, 1758)",Nucella lapillus,2021-05-23T09:52:35,-5.54265,54.335022,16.0,2021,5,22,2021-05-22T12:59:58,"['COORDINATE_ROUNDED', 'CONTINENT_DERIVED_FROM_COORDINATES']",2021-06-04T12:42:24.000+00:00,,
3301891708,PRESENT,"Nucella lapillus (Linnaeus, 1758)",Nucella lapillus,2021-05-23T10:06:16,-5.73871,54.675223,,2021,5,22,2021-05-22T14:04:47,['CONTINENT_DERIVED_FROM_COORDINATES'],2021-06-04T12:40:19.000+00:00,,
3301840757,PRESENT,"Nucella lapillus (Linnaeus, 1758)",Nucella lapillus,2021-05-26T22:47:49,-5.643972,54.490345,5.0,2021,5,26,2021-05-26T21:08:24,"['COORDINATE_ROUNDED', 'CONTINENT_DERIVED_FROM_COORDINATES']",2021-06-02T21:24:04.000+00:00,,
4005595004,PRESENT,"Nucella lapillus (Linnaeus, 1758)",Nucella lapillus,,-4.758856,54.06034,70.7,2021,5,22,2021-05-22T00:00:00,"['COUNTRY_DERIVED_FROM_COORDINATES', 'CONTINENT_DERIVED_FROM_COORDINATES']",,,
4005604458,PRESENT,"Nucella lapillus (Linnaeus, 1758)",Nucella lapillus,,-4.054564,52.48292,70.7,2021,5,2,2021-05-02T00:00:00,['CONTINENT_DERIVED_FROM_COORDINATES'],,,
3771308760,PRESENT,"Nucella lapillus (Linnaeus, 1758)",Nucella lapillus,,-6.106781,53.223882,100.0,2021,5,22,2021-05-22T00:00:00,"['COORDINATE_ROUNDED', 'COUNTRY_DERIVED_FROM_COORDINATES', 'CONTINENT_DERIVED_FROM_COORDINATES']",2023-02-07T12:37:13.000+00:00,,
3771304878,PRESENT,"Nucella lapillus (Linnaeus, 1758)",Nucella lapillus,,-5.729204,54.847477,100.0,2021,5,8,2021-05-08T00:00:00,"['COORDINATE_ROUNDED', 'COUNTRY_DERIVED_FROM_COORDINATES', 'CONTINENT_DERIVED_FROM_COORDINATES']",2023-02-07T12:37:13.000+00:00,,
3771307373,PRESENT,"Nucella lapillus (Linnaeus, 1758)",Nucella lapillus,,-5.841304,54.889316,100.0,2021,5,1,2021-05-01T00:00:00,"['COORDINATE_ROUNDED', 'COUNTRY_DERIVED_FROM_COORDINATES', 'CONTINENT_DERIVED_FROM_COORDINATES']",2023-02-07T12:37:13.000+00:00,,
4005604465,PRESENT,"Nucella lapillus (Linnaeus, 1758)",Nucella lapillus,,-4.650373,53.28673,70.7,2021,5,7,2021-05-07T00:00:00,['CONTINENT_DERIVED_FROM_COORDINATES'],,,
3302467264,PRESENT,"Nucella lapillus (Linnaeus, 1758)",Nucella lapillus,2021-06-04T10:19:05,-5.738873,54.675091,,2021,6,3,2021-06-03T12:46:28,"['COORDINATE_ROUNDED', 'CONTINENT_DERIVED_FROM_COORDINATES']",2021-06-04T12:34:42.000+00:00,,
3307366992,PRESENT,"Nucella lapillus (Linnaeus, 1758)",Nucella lapillus,2021-06-12T09:45:48,-5.732149,54.67267,,2021,6,11,2021-06-11T17:41:58,"['COORDINATE_ROUNDED', 'CONTINENT_DERIVED_FROM_COORDINATES']",2021-06-15T10:18:12.000+00:00,,
3307539091,PRESENT,"Nucella lapillus (Linnaeus, 1758)",Nucella lapillus,2021-06-16T11:25:28,-5.626508,54.255053,8.0,2021,6,16,2021-06-16T12:24:09,"['COORDINATE_ROUNDED', 'CONTINENT_DERIVED_FROM_COORDINATES']",2021-06-18T13:34:18.000+00:00,,
3321090588,PRESENT,"Nucella lapillus (Linnaeus, 1758)",Nucella lapillus,2021-06-22T18:15:40,-5.543368,54.33305,30.0,2021,6,22,2021-06-22T02:10:00,"['COORDINATE_ROUNDED', 'CONTINENT_DERIVED_FROM_COORDINATES']",2021-07-02T11:16:20.000+00:00,,
3320907774,PRESENT,"Nucella lapillus (Linnaeus, 1758)",Nucella lapillus,2021-06-26T11:24:54,-5.738809,54.675109,,2021,6,25,2021-06-25T17:16:53,"['COORDINATE_ROUNDED', 'CONTINENT_DERIVED_FROM_COORDINATES']",2021-07-02T11:14:13.000+00:00,,
3330444511,PRESENT,"Nucella lapillus (Linnaeus, 1758)",Nucella lapillus,2021-07-02T13:44:55,-5.62658,54.254987,3.0,2021,6,16,2021-06-16T12:22:44,"['COORDINATE_ROUNDED', 'CONTINENT_DERIVED_FROM_COORDINATES']",2021-07-24T20:36:58.000+00:00,,
3327823644,PRESENT,"Nucella lapillus (Linnaeus, 1758)",Nucella lapillus,2021-07-15T19:07:32,-4.616342,53.278286,2.0,2021,6,29,2021-06-29T11:33:00,"['COORDINATE_ROUNDED', 'CONTINENT_DERIVED_FROM_COORDINATES']",2021-07-16T11:58:59.000+00:00,,
4005594405,PRESENT,"Nucella lapillus (Linnaeus, 1758)",Nucella lapillus,,-4.652366,54.07133,70.7,2021,6,20,2021-06-20T00:00:00,"['COUNTRY_DERIVED_FROM_COORDINATES', 'CONTINENT_DERIVED_FROM_COORDINATES']",,,
4005603960,PRESENT,"Nucella lapillus (Linnaeus, 1758)",Nucella lapillus,,-4.614563,53.24904,70.7,2021,6,6,2021-06-06T00:00:00,['CONTINENT_DERIVED_FROM_COORDINATES'],,,
4005594456,PRESENT,"Nucella lapillus (Linnaeus, 1758)",Nucella lapillus,,-4.367808,54.3195,70.7,2021,6,3,2021-06-03T00:00:00,"['COUNTRY_DERIVED_FROM_COORDINATES', 'CONTINENT_DERIVED_FROM_COORDINATES']",,,
3771306154,PRESENT,"Nucella lapillus (Linnaeus, 1758)",Nucella lapillus,,-5.772189,54.853114,100.0,2021,6,5,2021-06-05T00:00:00,"['COORDINATE_ROUNDED', 'COUNTRY_DERIVED_FROM_COORDINATES', 'CONTINENT_DERIVED_FROM_COORDINATES']",2023-02-07T12:37:13.000+00:00,,
3468342469,PRESENT,"Nucella lapillus (Linnaeus, 1758)",Nucella lapillus,,-5.884409,54.681082,707.1,2021,7,30,2021-07-30T00:00:00,['CONTINENT_DERIVED_FROM_COORDINATES'],,12.0,
4005631546,PRESENT,"Nucella lapillus (Linnaeus, 1758)",Nucella lapillus,,-3.175021,54.07256,70.7,2021,7,4,2021-07-04T00:00:00,['CONTINENT_DERIVED_FROM_COORDINATES'],,,
3466180599,PRESENT,"Nucella lapillus (Linnaeus, 1758)",Nucella lapillus,2022-01-28T11:34:46,-5.474535,54.558345,,2021,7,25,2021-07-25T11:26:00,['CONTINENT_DERIVED_FROM_COORDINATES'],2022-01-28T14:01:48.000+00:00,,
3469000765,PRESENT,"Nucella lapillus (Linnaeus, 1758)",Nucella lapillus,2022-02-10T14:30:28,-5.739055,54.674766,,2021,7,26,2021-07-26T20:28:00,['CONTINENT_DERIVED_FROM_COORDINATES'],2022-02-10T14:31:53.000+00:00,,
4005609376,PRESENT,"Nucella lapillus (Linnaeus, 1758)",Nucella lapillus,,-4.610428,53.42121,70.7,2021,7,4,2021-07-04T00:00:00,['CONTINENT_DERIVED_FROM_COORDINATES'],,,
4005641869,PRESENT,"Nucella lapillus (Linnaeus, 1758)",Nucella lapillus,,-3.175021,54.07256,70.7,2021,7,4,2021-07-04T00:00:00,['CONTINENT_DERIVED_FROM_COORDINATES'],,,
3325809787,PRESENT,"Nucella lapillus (Linnaeus, 1758)",Nucella lapillus,2021-07-03T13:56:01,-5.824484,54.651515,,2021,7,3,2021-07-03T14:03:49,"['COORDINATE_ROUNDED', 'CONTINENT_DERIVED_FROM_COORDINATES']",2021-07-05T00:23:17.000+00:00,,
3343882536,PRESENT,"Nucella lapillus (Linnaeus, 1758)",Nucella lapillus,2021-07-10T12:51:01,-5.738779,54.675366,,2021,7,9,2021-07-09T17:33:03,"['COORDINATE_ROUNDED', 'CONTINENT_DERIVED_FROM_COORDINATES']",2021-08-26T09:52:15.000+00:00,,
3328027860,PRESENT,"Nucella lapillus (Linnaeus, 1758)",Nucella lapillus,2021-07-10T16:37:40,-5.738706,54.675907,,2021,7,9,2021-07-09T16:50:24,"['COORDINATE_ROUNDED', 'CONTINENT_DERIVED_FROM_COORDINATES']",2021-07-16T12:13:33.000+00:00,,
3333265961,PRESENT,"Nucella lapillus (Linnaeus, 1758)",Nucella lapillus,2021-07-25T16:19:00,-5.738745,54.675421,,2021,7,23,2021-07-23T16:56:59,"['COORDINATE_ROUNDED', 'CONTINENT_DERIVED_FROM_COORDINATES']",2021-07-28T15:06:16.000+00:00,,
3333419008,PRESENT,"Nucella lapillus (Linnaeus, 1758)",Nucella lapillus,2021-07-25T16:47:15,-5.738873,54.675055,,2021,7,23,2021-07-23T16:25:53,"['COORDINATE_ROUNDED', 'CONTINENT_DERIVED_FROM_COORDINATES']",2021-07-25T19:33:43.000+00:00,,
3333467501,PRESENT,"Nucella lapillus (Linnaeus, 1758)",Nucella lapillus,2021-07-29T08:20:46,-3.605796,54.490905,2962.0,2021,7,29,2021-07-29T09:18:57,"['COORDINATE_ROUNDED', 'CONTINENT_DERIVED_FROM_COORDINATES']",2021-10-24T11:19:45.000+00:00,,
3335322901,PRESENT,"Nucella lapillus (Linnaeus, 1758)",Nucella lapillus,2021-07-31T19:34:39,-4.5032,53.214242,2.0,2021,7,1,2021-07-01T15:16:00,"['COORDINATE_ROUNDED', 'CONTINENT_DERIVED_FROM_COORDINATES']",2021-08-05T20:45:06.000+00:00,,
3335563611,PRESENT,"Nucella lapillus (Linnaeus, 1758)",Nucella lapillus,2021-08-05T21:32:38,-4.575553,53.333349,2.0,2021,7,2,2021-07-02T14:05:00,"['COORDINATE_ROUNDED', 'CONTINENT_DERIVED_FROM_COORDINATES']",2021-08-07T13:21:21.000+00:00,,
3335551550,PRESENT,"Nucella lapillus (Linnaeus, 1758)",Nucella lapillus,2021-08-05T22:21:08,-4.570789,53.339742,2.0,2021,7,2,2021-07-02T15:09:00,"['COORDINATE_ROUNDED', 'CONTINENT_DERIVED_FROM_COORDINATES']",2021-08-07T13:20:02.000+00:00,,
3415473823,PRESENT,"Nucella lapillus (Linnaeus, 1758)",Nucella lapillus,2021-08-09T19:35:52,-4.293681,53.411546,2.0,2021,7,4,2021-07-04T14:05:00,"['COORDINATE_ROUNDED', 'CONTINENT_DERIVED_FROM_COORDINATES']",2021-11-26T16:08:08.000+00:00,,
3399194751,PRESENT,"Nucella lapillus (Linnaeus, 1758)",Nucella lapillus,2021-08-09T21:08:39,-4.204243,53.31416,2.0,2021,7,7,2021-07-07T15:52:00,"['COORDINATE_ROUNDED', 'CONTINENT_DERIVED_FROM_COORDINATES']",2021-11-26T17:42:57.000+00:00,,
3337788976,PRESENT,"Nucella lapillus (Linnaeus, 1758)",Nucella lapillus,2021-08-10T13:35:48,-4.591105,53.242766,2.0,2021,7,5,2021-07-05T14:59:00,"['COORDINATE_ROUNDED', 'CONTINENT_DERIVED_FROM_COORDINATES']",2021-11-26T17:42:57.000+00:00,,
3415890819,PRESENT,"Nucella lapillus (Linnaeus, 1758)",Nucella lapillus,2021-08-10T19:58:00,-4.590838,53.24376,2.0,2021,7,5,2021-07-05T14:02:00,"['COORDINATE_ROUNDED', 'CONTINENT_DERIVED_FROM_COORDINATES']",2021-11-16T21:36:56.000+00:00,,
3415382788,PRESENT,"Nucella lapillus (Linnaeus, 1758)",Nucella lapillus,2021-08-10T20:23:44,-4.591939,53.243298,2.0,2021,7,5,2021-07-05T14:34:00,"['COORDINATE_ROUNDED', 'CONTINENT_DERIVED_FROM_COORDINATES']",2021-11-16T21:38:37.000+00:00,,
3391662205,PRESENT,"Nucella lapillus (Linnaeus, 1758)",Nucella lapillus,2021-10-13T19:30:44,-4.575647,53.33335,2.0,2021,7,2,2021-07-02T14:00:00,"['COORDINATE_ROUNDED', 'CONTINENT_DERIVED_FROM_COORDINATES']",2021-11-26T17:42:57.000+00:00,,
3391424240,PRESENT,"Nucella lapillus (Linnaeus, 1758)",Nucella lapillus,2021-10-13T19:45:44,-4.575913,53.333627,2.0,2021,7,2,2021-07-02T14:05:00,"['COORDINATE_ROUNDED', 'CONTINENT_DERIVED_FROM_COORDINATES']",2021-11-26T17:42:57.000+00:00,,
3771311572,PRESENT,"Nucella lapillus (Linnaeus, 1758)",Nucella lapillus,,-5.497931,54.333142,100.0,2021,7,6,2021-07-06T00:00:00,"['COORDINATE_ROUNDED', 'GEODETIC_DATUM_INVALID', 'GEODETIC_DATUM_ASSUMED_WGS84', 'COUNTRY_DERIVED_FROM_COORDINATES', 'CONTINENT_DERIVED_FROM_COORDINATES']",2023-02-07T12:37:13.000+00:00,,
3456341289,PRESENT,"Nucella lapillus (Linnaeus, 1758)",Nucella lapillus,2022-01-12T17:15:11,-5.460765,54.496194,,2021,8,5,2021-08-05T16:42:00,['CONTINENT_DERIVED_FROM_COORDINATES'],2022-01-13T07:08:53.000+00:00,,
3466404706,PRESENT,"Nucella lapillus (Linnaeus, 1758)",Nucella lapillus,2022-01-28T12:20:34,-5.731396,54.672521,,2021,8,7,2021-08-07T15:30:00,['CONTINENT_DERIVED_FROM_COORDINATES'],2022-01-28T12:37:52.000+00:00,,
3398709739,PRESENT,"Nucella lapillus (Linnaeus, 1758)",Nucella lapillus,2021-08-06T14:47:04,-6.076173,54.029076,,2021,8,4,2021-08-04T16:05:37,"['COORDINATE_ROUNDED', 'CONTINENT_DERIVED_FROM_COORDINATES']",2021-10-25T17:27:54.000+00:00,,
3355392771,PRESENT,"Nucella lapillus (Linnaeus, 1758)",Nucella lapillus,2021-08-15T12:22:16,-6.053157,55.077164,,2021,8,15,2021-08-15T12:34:22,"['COORDINATE_ROUNDED', 'CONTINENT_DERIVED_FROM_COORDINATES']",2021-09-08T12:17:21.000+00:00,,
3337522626,PRESENT,"Nucella lapillus (Linnaeus, 1758)",Nucella lapillus,2021-08-15T12:44:14,-6.053136,55.07642,4.0,2021,8,15,2021-08-15T10:36:06,"['COORDINATE_ROUNDED', 'CONTINENT_DERIVED_FROM_COORDINATES']",2022-11-14T20:33:18.000+00:00,,
3338154622,PRESENT,"Nucella lapillus (Linnaeus, 1758)",Nucella lapillus,2021-08-15T21:14:03,-6.052597,55.076717,,2021,8,15,2021-08-15T12:23:33,"['COORDINATE_ROUNDED', 'CONTINENT_DERIVED_FROM_COORDINATES']",2021-08-20T14:36:17.000+00:00,,
3337755328,PRESENT,"Nucella lapillus (Linnaeus, 1758)",Nucella lapillus,2021-08-16T15:06:46,-6.052932,55.077026,,2021,8,15,2021-08-15T12:34:00,"['COORDINATE_ROUNDED', 'CONTINENT_DERIVED_FROM_COORDINATES']",2021-08-16T15:37:21.000+00:00,,
3337973077,PRESENT,"Nucella lapillus (Linnaeus, 1758)",Nucella lapillus,2021-08-16T15:41:07,-6.053262,55.076136,14.0,2021,8,15,2021-08-15T10:07:31,"['COORDINATE_ROUNDED', 'CONTINENT_DERIVED_FROM_COORDINATES']",2021-08-17T07:22:32.000+00:00,,
3343777942,PRESENT,"Nucella lapillus (Linnaeus, 1758)",Nucella lapillus,2021-08-29T11:21:49,-4.099223,52.582144,65.0,2021,8,25,2021-08-25T14:50:12,"['COORDINATE_ROUNDED', 'CONTINENT_DERIVED_FROM_COORDINATES']",2021-08-29T14:04:59.000+00:00,,
3355009912,PRESENT,"Nucella lapillus (Linnaeus, 1758)",Nucella lapillus,2021-08-27T15:29:51,-6.05301,55.075768,,2021,8,15,2021-08-15T09:40:00,"['COORDINATE_ROUNDED', 'CONTINENT_DERIVED_FROM_COORDINATES']",2021-08-29T16:36:55.000+00:00,,
3398678779,PRESENT,"Nucella lapillus (Linnaeus, 1758)",Nucella lapillus,2021-08-30T20:43:03,-5.500478,54.331135,,2021,8,30,2021-08-30T11:48:18,"['COORDINATE_ROUNDED', 'CONTINENT_DERIVED_FROM_COORDINATES']",2021-10-25T17:20:12.000+00:00,,
3966630380,PRESENT,"Nucella lapillus (Linnaeus, 1758)",Nucella lapillus,2022-04-01T15:22:13,-5.501402,54.331821,,2021,8,30,2021-08-30T13:05:06,"['COORDINATE_ROUNDED', 'CONTINENT_DERIVED_FROM_COORDINATES']",2022-11-13T23:15:23.000+00:00,,eggs
3355357402,PRESENT,"Nucella lapillus (Linnaeus, 1758)",Nucella lapillus,2021-09-08T12:09:15,-6.053217,55.076356,4.0,2021,8,15,2021-08-15T10:05:00,"['COORDINATE_ROUNDED', 'CONTINENT_DERIVED_FROM_COORDINATES']",2021-09-10T09:49:52.000+00:00,,
3355751333,PRESENT,"Nucella lapillus (Linnaeus, 1758)",Nucella lapillus,2021-09-08T12:09:27,-6.053092,55.076378,3.0,2021,8,15,2021-08-15T10:37:00,"['COORDINATE_ROUNDED', 'CONTINENT_DERIVED_FROM_COORDINATES']",2021-09-10T09:37:04.000+00:00,,
3786655918,PRESENT,"Nucella lapillus (Linnaeus, 1758)",Nucella lapillus,,-3.954323,54.77964,70.1,2021,8,1,2021-08-01T00:00:00,['CONTINENT_DERIVED_FROM_COORDINATES'],,,
3771306029,PRESENT,"Nucella lapillus (Linnaeus, 1758)",Nucella lapillus,,-6.216199,53.640775,100.0,2021,8,18,2021-08-18T00:00:00,"['COORDINATE_ROUNDED', 'COUNTRY_DERIVED_FROM_COORDINATES', 'CONTINENT_DERIVED_FROM_COORDINATES']",2023-02-07T12:37:13.000+00:00,,
3455444805,PRESENT,"Nucella lapillus (Linnaeus, 1758)",Nucella lapillus,2021-11-16T21:23:24,-5.542748,54.487487,,2021,9,23,2021-09-23T07:52:00,"['COORDINATE_ROUNDED', 'CONTINENT_DERIVED_FROM_COORDINATES']",2021-12-06T23:10:51.000+00:00,,
4005604961,PRESENT,"Nucella lapillus (Linnaeus, 1758)",Nucella lapillus,,-4.647858,52.9043,70.7,2021,9,19,2021-09-19T00:00:00,['CONTINENT_DERIVED_FROM_COORDINATES'],,,
3355403131,PRESENT,"Nucella lapillus (Linnaeus, 1758)",Nucella lapillus,2021-09-06T13:01:41,-5.732436,54.672571,,2021,9,4,2021-09-04T15:48:59,"['COORDINATE_ROUNDED', 'CONTINENT_DERIVED_FROM_COORDINATES']",2021-09-06T13:32:21.000+00:00,,
3384300289,PRESENT,"Nucella lapillus (Linnaeus, 1758)",Nucella lapillus,2021-09-10T10:10:09,-5.623933,54.679798,,2021,9,9,2021-09-09T19:25:34,"['COORDINATE_ROUNDED', 'CONTINENT_DERIVED_FROM_COORDINATES']",2021-09-10T14:26:08.000+00:00,,
3398678220,PRESENT,"Nucella lapillus (Linnaeus, 1758)",Nucella lapillus,2021-10-17T10:52:09,-5.738818,54.675288,,2021,10,16,2021-10-16T14:22:13,['CONTINENT_DERIVED_FROM_COORDINATES'],2021-10-17T11:16:55.000+00:00,,
3398972550,PRESENT,"Nucella lapillus (Linnaeus, 1758)",Nucella lapillus,2021-10-20T21:10:34,-4.089839,52.4164,3.0,2021,10,20,2021-10-20T14:30:29,"['COORDINATE_ROUNDED', 'CONTINENT_DERIVED_FROM_COORDINATES']",2021-10-28T20:11:58.000+00:00,,
3408109071,PRESENT,"Nucella lapillus (Linnaeus, 1758)",Nucella lapillus,2021-11-02T20:30:39,-3.272667,54.117522,5.0,2021,11,2,2021-11-02T15:09:42,"['COORDINATE_ROUNDED', 'CONTINENT_DERIVED_FROM_COORDINATES']",2021-11-03T06:23:14.000+00:00,,
3416204623,PRESENT,"Nucella lapillus (Linnaeus, 1758)",Nucella lapillus,2021-11-08T20:42:40,-3.040156,53.442248,2.0,2021,11,8,2021-11-08T13:02:00,"['COORDINATE_ROUNDED', 'CONTINENT_DERIVED_FROM_COORDINATES']",2021-11-16T21:24:57.000+00:00,,
3415525393,PRESENT,"Nucella lapillus (Linnaeus, 1758)",Nucella lapillus,2021-11-09T10:09:16,-3.040198,53.442248,1.0,2021,11,8,2021-11-08T12:59:00,"['COORDINATE_ROUNDED', 'CONTINENT_DERIVED_FROM_COORDINATES']",2021-11-26T17:42:57.000+00:00,,
3455448689,PRESENT,"Nucella lapillus (Linnaeus, 1758)",Nucella lapillus,2021-11-09T10:09:17,-3.040062,53.442093,1.0,2021,11,8,2021-11-08T13:00:00,"['COORDINATE_ROUNDED', 'CONTINENT_DERIVED_FROM_COORDINATES']",2021-12-01T16:07:06.000+00:00,,
3415535193,PRESENT,"Nucella lapillus (Linnaeus, 1758)",Nucella lapillus,2021-11-17T16:07:09,-6.160739,53.298378,5.0,2021,11,16,2021-11-16T15:52:55,"['COORDINATE_ROUNDED', 'CONTINENT_DERIVED_FROM_COORDINATES']",2021-11-26T16:06:15.000+00:00,,
3415987869,PRESENT,"Nucella lapillus (Linnaeus, 1758)",Nucella lapillus,2021-11-18T22:54:13,-6.160658,53.298392,,2021,11,16,2021-11-16T15:59:11,"['COORDINATE_ROUNDED', 'CONTINENT_DERIVED_FROM_COORDINATES']",2022-01-05T21:16:52.000+00:00,,
3415536765,PRESENT,"Nucella lapillus (Linnaeus, 1758)",Nucella lapillus,2021-11-18T23:18:06,-6.160614,53.298443,,2021,11,16,2021-11-16T16:10:04,"['COORDINATE_ROUNDED', 'CONTINENT_DERIVED_FROM_COORDINATES']",2021-11-26T15:58:11.000+00:00,,
3415742304,PRESENT,"Nucella lapillus (Linnaeus, 1758)",Nucella lapillus,2021-11-22T16:40:57,-4.651537,53.286819,,2021,11,22,2021-11-22T15:21:15,"['COORDINATE_ROUNDED', 'CONTINENT_DERIVED_FROM_COORDINATES']",2022-11-08T07:15:36.000+00:00,,
3416123308,PRESENT,"Nucella lapillus (Linnaeus, 1758)",Nucella lapillus,2021-11-23T00:33:05,-4.651412,53.286785,,2021,11,22,2021-11-22T15:01:15,"['COORDINATE_ROUNDED', 'CONTINENT_DERIVED_FROM_COORDINATES']",2022-11-08T07:15:36.000+00:00,,
3455492227,PRESENT,"Nucella lapillus (Linnaeus, 1758)",Nucella lapillus,2021-12-03T15:22:19,-6.161047,53.298572,4.0,2021,12,3,2021-12-03T15:21:27,"['COORDINATE_ROUNDED', 'CONTINENT_DERIVED_FROM_COORDINATES']",2022-01-05T21:06:19.000+00:00,,
3456463036,PRESENT,"Nucella lapillus (Linnaeus, 1758)",Nucella lapillus,2021-12-06T23:06:22,-5.547829,54.377857,346.0,2021,12,6,2021-12-06T09:30:00,"['COORDINATE_ROUNDED', 'CONTINENT_DERIVED_FROM_COORDINATES']",2021-12-06T23:16:02.000+00:00,,
3456693987,PRESENT,"Nucella lapillus (Linnaeus, 1758)",Nucella lapillus,2021-12-29T16:45:15,-4.662625,54.063411,,2021,12,29,2021-12-29T14:04:40,['CONTINENT_DERIVED_FROM_COORDINATES'],2021-12-31T17:52:16.000+00:00,,
2574271804,PRESENT,"Nucella lapillus (Linnaeus, 1758)",Nucella lapillus,2020-02-21T14:38:17,-5.719744,54.667203,8.0,2020,1,5,2020-01-05T12:31:00,"['COORDINATE_ROUNDED', 'CONTINENT_DERIVED_FROM_COORDINATES']",2021-05-19T14:16:06.000+00:00,,
2934493224,PRESENT,"Nucella lapillus (Linnaeus, 1758)",Nucella lapillus,,-3.684832,54.87985,70.1,2020,1,1,2020-01-01T00:00:00,['CONTINENT_DERIVED_FROM_COORDINATES'],,,
3771307241,PRESENT,"Nucella lapillus (Linnaeus, 1758)",Nucella lapillus,,-5.691958,54.547277,100.0,2020,1,31,2020-01-31T00:00:00,"['COORDINATE_ROUNDED', 'COUNTRY_DERIVED_FROM_COORDINATES', 'CONTINENT_DERIVED_FROM_COORDINATES']",2023-02-07T12:37:13.000+00:00,,
2574233618,PRESENT,"Nucella lapillus (Linnaeus, 1758)",Nucella lapillus,2020-02-19T14:17:18,-5.704195,54.667694,5.0,2020,2,19,2020-02-19T14:16:41,"['COORDINATE_ROUNDED', 'CONTINENT_DERIVED_FROM_COORDINATES']",2022-11-14T20:33:18.000+00:00,,
3786656039,PRESENT,"Nucella lapillus (Linnaeus, 1758)",Nucella lapillus,,-5.705822,54.66806,70.1,2020,2,19,2020-02-19T00:00:00,['CONTINENT_DERIVED_FROM_COORDINATES'],,,
3771305181,PRESENT,"Nucella lapillus (Linnaeus, 1758)",Nucella lapillus,,-6.354625,52.406865,100.0,2020,2,29,2020-02-29T00:00:00,"['COORDINATE_ROUNDED', 'COUNTRY_DERIVED_FROM_COORDINATES', 'CONTINENT_DERIVED_FROM_COORDINATES']",2023-02-07T12:37:13.000+00:00,,
3771311725,PRESENT,"Nucella lapillus (Linnaeus, 1758)",Nucella lapillus,,-5.483542,54.538669,100.0,2020,2,16,2020-02-16T00:00:00,"['COORDINATE_ROUNDED', 'COUNTRY_DERIVED_FROM_COORDINATES', 'CONTINENT_DERIVED_FROM_COORDINATES']",2023-02-07T12:37:13.000+00:00,,
3771307719,PRESENT,"Nucella lapillus (Linnaeus, 1758)",Nucella lapillus,,-5.512957,54.593149,100.0,2020,2,10,2020-02-10T00:00:00,"['COORDINATE_ROUNDED', 'COUNTRY_DERIVED_FROM_COORDINATES', 'CONTINENT_DERIVED_FROM_COORDINATES']",2023-02-07T12:37:13.000+00:00,,
3355861811,PRESENT,"Nucella lapillus (Linnaeus, 1758)",Nucella lapillus,,-5.57301,54.67115,70.7,2020,3,17,2020-03-17T00:00:00,['CONTINENT_DERIVED_FROM_COORDINATES'],,,
3786617308,PRESENT,"Nucella lapillus (Linnaeus, 1758)",Nucella lapillus,,-4.09145,52.39661,70.1,2020,3,13,2020-03-13T00:00:00,['CONTINENT_DERIVED_FROM_COORDINATES'],,,
2596274270,PRESENT,"Nucella lapillus (Linnaeus, 1758)",Nucella lapillus,2020-03-20T17:33:00,-5.619995,54.554025,6.0,2020,3,20,2020-03-20T14:32:39,['CONTINENT_DERIVED_FROM_COORDINATES'],2021-05-19T14:16:06.000+00:00,,
2596073367,PRESENT,"Nucella lapillus (Linnaeus, 1758)",Nucella lapillus,2020-03-21T18:27:27,-5.619405,54.554695,10.0,2020,3,20,2020-03-20T14:26:51,['CONTINENT_DERIVED_FROM_COORDINATES'],2022-11-14T20:33:18.000+00:00,,
2596177008,PRESENT,"Nucella lapillus (Linnaeus, 1758)",Nucella lapillus,2020-03-26T01:11:41,-3.7893,53.325755,4.0,2020,3,25,2020-03-25T16:21:05,['CONTINENT_DERIVED_FROM_COORDINATES'],2020-03-28T17:27:11.000+00:00,,
2609285816,PRESENT,"Nucella lapillus (Linnaeus, 1758)",Nucella lapillus,2020-04-23T12:24:28,-3.06748,53.42553,3222.0,2020,3,8,2020-03-08T15:25:45,"['COORDINATE_ROUNDED', 'CONTINENT_DERIVED_FROM_COORDINATES']",2022-12-30T12:11:39.000+00:00,,
3786659869,PRESENT,"Nucella lapillus (Linnaeus, 1758)",Nucella lapillus,,-4.567043,52.94428,70.1,2020,3,6,2020-03-06T00:00:00,['CONTINENT_DERIVED_FROM_COORDINATES'],,,
3786616914,PRESENT,"Nucella lapillus (Linnaeus, 1758)",Nucella lapillus,,-5.525014,54.31392,70.1,2020,3,22,2020-03-22T00:00:00,['CONTINENT_DERIVED_FROM_COORDINATES'],,,
3054980020,PRESENT,"Nucella lapillus (Linnaeus, 1758)",Nucella lapillus,,-5.524431,54.314369,70.7,2020,3,22,2020-03-22T00:00:00,['CONTINENT_DERIVED_FROM_COORDINATES'],,1.0,
3786652202,PRESENT,"Nucella lapillus (Linnaeus, 1758)",Nucella lapillus,,-3.032538,53.74482,70.1,2020,3,11,2020-03-11T00:00:00,['CONTINENT_DERIVED_FROM_COORDINATES'],,,
3771311740,PRESENT,"Nucella lapillus (Linnaeus, 1758)",Nucella lapillus,,-6.175905,53.356884,100.0,2020,3,5,2020-03-05T00:00:00,"['COORDINATE_ROUNDED', 'COUNTRY_DERIVED_FROM_COORDINATES', 'CONTINENT_DERIVED_FROM_COORDINATES']",2023-02-07T12:37:13.000+00:00,,
3771307206,PRESENT,"Nucella lapillus (Linnaeus, 1758)",Nucella lapillus,,-6.099475,53.487789,100.0,2020,3,19,2020-03-19T00:00:00,"['COORDINATE_ROUNDED', 'COUNTRY_DERIVED_FROM_COORDINATES', 'CONTINENT_DERIVED_FROM_COORDINATES']",2023-02-07T12:37:13.000+00:00,,
3771311765,PRESENT,"Nucella lapillus (Linnaeus, 1758)",Nucella lapillus,,-6.185836,53.617632,100.0,2020,3,25,2020-03-25T00:00:00,"['COORDINATE_ROUNDED', 'COUNTRY_DERIVED_FROM_COORDINATES', 'CONTINENT_DERIVED_FROM_COORDINATES']",2023-02-07T12:37:13.000+00:00,,
3771310127,PRESENT,"Nucella lapillus (Linnaeus, 1758)",Nucella lapillus,,-6.226826,53.797814,100.0,2020,3,22,2020-03-22T00:00:00,"['COORDINATE_ROUNDED', 'COUNTRY_DERIVED_FROM_COORDINATES', 'CONTINENT_DERIVED_FROM_COORDINATES']",2023-02-07T12:37:13.000+00:00,,
3771310356,PRESENT,"Nucella lapillus (Linnaeus, 1758)",Nucella lapillus,,-5.437615,54.462176,100.0,2020,3,2,2020-03-02T00:00:00,"['COORDINATE_ROUNDED', 'COUNTRY_DERIVED_FROM_COORDINATES', 'CONTINENT_DERIVED_FROM_COORDINATES']",2023-02-07T12:37:13.000+00:00,,
3771306392,PRESENT,"Nucella lapillus (Linnaeus, 1758)",Nucella lapillus,,-5.521739,54.601417,100.0,2020,3,10,2020-03-10T00:00:00,"['COORDINATE_ROUNDED', 'COUNTRY_DERIVED_FROM_COORDINATES', 'CONTINENT_DERIVED_FROM_COORDINATES']",2023-02-07T12:37:13.000+00:00,,
2597829754,PRESENT,"Nucella lapillus (Linnaeus, 1758)",Nucella lapillus,2020-04-07T18:41:05,-5.555941,54.383263,,2020,4,7,2020-04-07T18:56:05,"['COORDINATE_ROUNDED', 'CONTINENT_DERIVED_FROM_COORDINATES']",2020-04-07T19:12:39.000+00:00,,
2611195559,PRESENT,"Nucella lapillus (Linnaeus, 1758)",Nucella lapillus,2020-04-08T08:22:06,-5.541175,54.367231,,2020,4,8,2020-04-08T07:29:21,"['COORDINATE_ROUNDED', 'CONTINENT_DERIVED_FROM_COORDINATES']",2020-04-29T10:04:01.000+00:00,,
2603281169,PRESENT,"Nucella lapillus (Linnaeus, 1758)",Nucella lapillus,2020-04-11T16:52:07,-5.543117,54.489107,,2020,4,11,2020-04-11T10:47:00,"['COORDINATE_ROUNDED', 'CONTINENT_DERIVED_FROM_COORDINATES']",2020-04-13T13:24:31.000+00:00,,
2603472752,PRESENT,"Nucella lapillus (Linnaeus, 1758)",Nucella lapillus,2020-04-12T14:33:11,-5.540653,54.365807,,2020,4,12,2020-04-12T10:24:00,"['COORDINATE_ROUNDED', 'CONTINENT_DERIVED_FROM_COORDINATES']",2020-04-13T15:18:38.000+00:00,,
2609306846,PRESENT,"Nucella lapillus (Linnaeus, 1758)",Nucella lapillus,2020-04-20T15:26:16,-6.102164,53.583956,5.0,2020,4,20,2020-04-20T16:22:43,"['COORDINATE_ROUNDED', 'CONTINENT_DERIVED_FROM_COORDINATES']",2020-04-21T16:49:49.000+00:00,,
3355891887,PRESENT,"Nucella lapillus (Linnaeus, 1758)",Nucella lapillus,,-3.437329,54.79755,70.7,2020,4,8,2020-04-08T00:00:00,['CONTINENT_DERIVED_FROM_COORDINATES'],,,
3355918065,PRESENT,"Nucella lapillus (Linnaeus, 1758)",Nucella lapillus,,-3.437329,54.79755,70.7,2020,4,8,2020-04-08T00:00:00,['CONTINENT_DERIVED_FROM_COORDINATES'],,,
2626372515,PRESENT,"Nucella lapillus (Linnaeus, 1758)",Nucella lapillus,2020-05-17T12:50:03,-5.578338,54.393922,,2020,5,16,2020-05-16T00:00:00,"['COORDINATE_ROUNDED', 'CONTINENT_DERIVED_FROM_COORDINATES']",2021-05-19T14:16:06.000+00:00,,
2626245380,PRESENT,"Nucella lapillus (Linnaeus, 1758)",Nucella lapillus,2020-05-19T22:40:48,-5.768069,54.669077,5.0,2020,5,19,2020-05-19T18:51:36,"['COORDINATE_ROUNDED', 'CONTINENT_DERIVED_FROM_COORDINATES']",2020-05-24T15:54:43.000+00:00,,
2626468229,PRESENT,"Nucella lapillus (Linnaeus, 1758)",Nucella lapillus,2020-05-19T22:22:30,-5.767915,54.668855,13.0,2020,5,19,2020-05-19T18:56:01,"['COORDINATE_ROUNDED', 'CONTINENT_DERIVED_FROM_COORDINATES']",2020-05-21T20:09:36.000+00:00,,
2634564387,PRESENT,"Nucella lapillus (Linnaeus, 1758)",Nucella lapillus,2020-05-29T16:26:45,-5.74473,54.727572,5.0,2020,5,28,2020-05-28T10:58:29,"['COORDINATE_ROUNDED', 'CONTINENT_DERIVED_FROM_COORDINATES']",2022-11-14T20:33:18.000+00:00,,
2641288542,PRESENT,"Nucella lapillus (Linnaeus, 1758)",Nucella lapillus,2020-05-29T16:26:58,-5.744775,54.72757,5.0,2020,5,28,2020-05-28T10:59:33,['CONTINENT_DERIVED_FROM_COORDINATES'],2022-11-14T20:33:18.000+00:00,,
2634154860,PRESENT,"Nucella lapillus (Linnaeus, 1758)",Nucella lapillus,2020-06-01T14:26:20,-5.744912,54.727617,,2020,5,28,2020-05-28T11:02:00,"['COORDINATE_ROUNDED', 'CONTINENT_DERIVED_FROM_COORDINATES']",2020-06-01T14:26:51.000+00:00,,
3786610921,PRESENT,"Nucella lapillus (Linnaeus, 1758)",Nucella lapillus,,-5.745813,54.72805,70.1,2020,5,28,2020-05-28T00:00:00,['CONTINENT_DERIVED_FROM_COORDINATES'],,,
3771306675,PRESENT,"Nucella lapillus (Linnaeus, 1758)",Nucella lapillus,,-6.158544,54.035049,100.0,2020,5,1,2020-05-01T00:00:00,"['COORDINATE_ROUNDED', 'COUNTRY_DERIVED_FROM_COORDINATES', 'CONTINENT_DERIVED_FROM_COORDINATES']",2023-02-07T12:37:13.000+00:00,,
3771306575,PRESENT,"Nucella lapillus (Linnaeus, 1758)",Nucella lapillus,,-5.512687,54.595248,100.0,2020,5,16,2020-05-16T00:00:00,"['COORDINATE_ROUNDED', 'COUNTRY_DERIVED_FROM_COORDINATES', 'CONTINENT_DERIVED_FROM_COORDINATES']",2023-02-07T12:37:13.000+00:00,,
3771311916,PRESENT,"Nucella lapillus (Linnaeus, 1758)",Nucella lapillus,,-5.881264,54.681925,100.0,2020,5,14,2020-05-14T00:00:00,"['COORDINATE_ROUNDED', 'COUNTRY_DERIVED_FROM_COORDINATES', 'CONTINENT_DERIVED_FROM_COORDINATES']",2023-02-07T12:37:13.000+00:00,,
3771306993,PRESENT,"Nucella lapillus (Linnaeus, 1758)",Nucella lapillus,,-5.694618,54.77376,100.0,2020,5,16,2020-05-16T00:00:00,"['COORDINATE_ROUNDED', 'COUNTRY_DERIVED_FROM_COORDINATES', 'CONTINENT_DERIVED_FROM_COORDINATES']",2023-02-07T12:37:13.000+00:00,,
3771309620,PRESENT,"Nucella lapillus (Linnaeus, 1758)",Nucella lapillus,,-5.790121,54.84652,100.0,2020,5,18,2020-05-18T00:00:00,"['COORDINATE_ROUNDED', 'COUNTRY_DERIVED_FROM_COORDINATES', 'CONTINENT_DERIVED_FROM_COORDINATES']",2023-02-07T12:37:13.000+00:00,,
2641544376,PRESENT,"Nucella lapillus (Linnaeus, 1758)",Nucella lapillus,2020-06-09T11:15:13,-5.46859,54.381608,,2020,6,3,2020-06-03T00:00:00,"['COORDINATE_ROUNDED', 'CONTINENT_DERIVED_FROM_COORDINATES']",2021-05-19T14:16:06.000+00:00,,
2641603389,PRESENT,"Nucella lapillus (Linnaeus, 1758)",Nucella lapillus,2020-06-09T11:15:14,-5.46859,54.381608,,2020,6,3,2020-06-03T00:00:00,"['COORDINATE_ROUNDED', 'CONTINENT_DERIVED_FROM_COORDINATES']",2021-05-19T14:16:06.000+00:00,,
2802596825,PRESENT,"Nucella lapillus (Linnaeus, 1758)",Nucella lapillus,2020-06-09T19:01:33,-5.468947,54.381172,5.0,2020,6,3,2020-06-03T16:55:14,"['COORDINATE_ROUNDED', 'CONTINENT_DERIVED_FROM_COORDINATES']",2022-11-14T20:33:18.000+00:00,,
2802804583,PRESENT,"Nucella lapillus (Linnaeus, 1758)",Nucella lapillus,2020-06-15T13:46:46,-5.656437,54.226677,,2020,6,10,2020-06-10T00:00:00,"['COORDINATE_ROUNDED', 'CONTINENT_DERIVED_FROM_COORDINATES']",2021-05-19T14:16:06.000+00:00,,
2802639030,PRESENT,"Nucella lapillus (Linnaeus, 1758)",Nucella lapillus,2020-06-15T14:15:16,-5.656483,54.226805,5.0,2020,6,10,2020-06-10T08:28:46,"['COORDINATE_ROUNDED', 'CONTINENT_DERIVED_FROM_COORDINATES']",2022-11-14T20:33:18.000+00:00,,
2802678801,PRESENT,"Nucella lapillus (Linnaeus, 1758)",Nucella lapillus,2020-06-15T15:46:09,-5.674628,54.2407,5.0,2020,6,10,2020-06-10T11:38:05,"['COORDINATE_ROUNDED', 'CONTINENT_DERIVED_FROM_COORDINATES']",2022-11-14T20:33:18.000+00:00,,
2873834411,PRESENT,"Nucella lapillus (Linnaeus, 1758)",Nucella lapillus,2020-06-29T15:23:38,-5.656506,54.226683,8.0,2020,6,10,2020-06-10T00:00:00,"['COORDINATE_ROUNDED', 'CONTINENT_DERIVED_FROM_COORDINATES']",2020-09-28T08:54:49.000+00:00,,
2802992417,PRESENT,"Nucella lapillus (Linnaeus, 1758)",Nucella lapillus,2020-06-25T13:07:43,-5.535014,54.360963,6.0,2020,6,25,2020-06-25T10:25:05,"['COORDINATE_ROUNDED', 'CONTINENT_DERIVED_FROM_COORDINATES']",2020-06-29T15:04:14.000+00:00,,
2814166835,PRESENT,"Nucella lapillus (Linnaeus, 1758)",Nucella lapillus,2020-06-26T20:15:03,-5.704356,54.66785,5.0,2020,6,16,2020-06-16T14:14:00,"['COORDINATE_ROUNDED', 'CONTINENT_DERIVED_FROM_COORDINATES']",2022-11-14T20:33:18.000+00:00,,
2814159262,PRESENT,"Nucella lapillus (Linnaeus, 1758)",Nucella lapillus,2020-06-29T08:04:50,-5.706067,54.668214,5.0,2020,6,17,2020-06-17T15:05:00,"['COORDINATE_ROUNDED', 'CONTINENT_DERIVED_FROM_COORDINATES']",2022-11-14T20:33:18.000+00:00,,
2814139038,PRESENT,"Nucella lapillus (Linnaeus, 1758)",Nucella lapillus,2020-06-29T19:24:56,-5.535011,54.360972,5.0,2020,6,25,2020-06-25T10:30:00,"['COORDINATE_ROUNDED', 'CONTINENT_DERIVED_FROM_COORDINATES']",2022-11-14T20:33:18.000+00:00,,
3786658214,PRESENT,"Nucella lapillus (Linnaeus, 1758)",Nucella lapillus,,-4.09218,52.3965,70.1,2020,6,8,2020-06-08T00:00:00,['CONTINENT_DERIVED_FROM_COORDINATES'],,,
3771304727,PRESENT,"Nucella lapillus (Linnaeus, 1758)",Nucella lapillus,,-5.579768,54.405802,100.0,2020,6,18,2020-06-18T00:00:00,"['COORDINATE_ROUNDED', 'COUNTRY_DERIVED_FROM_COORDINATES', 'CONTINENT_DERIVED_FROM_COORDINATES']",2023-02-07T12:37:13.000+00:00,,
3771308541,PRESENT,"Nucella lapillus (Linnaeus, 1758)",Nucella lapillus,,-5.782961,54.721497,100.0,2020,6,17,2020-06-17T00:00:00,"['COORDINATE_ROUNDED', 'COUNTRY_DERIVED_FROM_COORDINATES', 'CONTINENT_DERIVED_FROM_COORDINATES']",2023-02-07T12:37:13.000+00:00,,
3786664337,PRESENT,"Nucella lapillus (Linnaeus, 1758)",Nucella lapillus,,-5.605852,54.54107,70.1,2020,7,8,2020-07-08T00:00:00,['CONTINENT_DERIVED_FROM_COORDINATES'],,,
3355863967,PRESENT,"Nucella lapillus (Linnaeus, 1758)",Nucella lapillus,,-5.569532,54.66636,70.7,2020,7,19,2020-07-19T00:00:00,['CONTINENT_DERIVED_FROM_COORDINATES'],,,
3726407114,PRESENT,"Nucella lapillus (Linnaeus, 1758)",Nucella lapillus,,-3.840795,53.294719,25.0,2020,7,30,2020-07-30T00:00:00,"['CONTINENT_DERIVED_FROM_COORDINATES', 'OCCURRENCE_STATUS_INFERRED_FROM_INDIVIDUAL_COUNT']",2020-08-04T00:00:00.000+00:00,1.0,
3727770094,PRESENT,"Nucella lapillus (Linnaeus, 1758)",Nucella lapillus,,-3.840795,53.294719,25.0,2020,7,30,2020-07-30T00:00:00,"['CONTINENT_DERIVED_FROM_COORDINATES', 'OCCURRENCE_STATUS_INFERRED_FROM_INDIVIDUAL_COUNT']",2020-08-04T00:00:00.000+00:00,1.0,
3726742147,PRESENT,"Nucella lapillus (Linnaeus, 1758)",Nucella lapillus,,-3.840795,53.294719,25.0,2020,7,30,2020-07-30T00:00:00,"['CONTINENT_DERIVED_FROM_COORDINATES', 'OCCURRENCE_STATUS_INFERRED_FROM_INDIVIDUAL_COUNT']",2020-07-31T00:00:00.000+00:00,1.0,
3727626281,PRESENT,"Nucella lapillus (Linnaeus, 1758)",Nucella lapillus,,-3.840795,53.294719,25.0,2020,7,30,2020-07-30T00:00:00,"['CONTINENT_DERIVED_FROM_COORDINATES', 'OCCURRENCE_STATUS_INFERRED_FROM_INDIVIDUAL_COUNT']",2020-07-30T00:00:00.000+00:00,1.0,
2850549801,PRESENT,"Nucella lapillus (Linnaeus, 1758)",Nucella lapillus,2020-07-23T11:05:34,-5.605497,54.541406,5.0,2020,7,8,2020-07-08T09:03:00,"['COORDINATE_ROUNDED', 'CONTINENT_DERIVED_FROM_COORDINATES']",2022-11-14T20:33:18.000+00:00,,
3070299088,PRESENT,"Nucella lapillus (Linnaeus, 1758)",Nucella lapillus,2020-07-25T14:30:24,-3.047259,53.890452,43.0,2020,7,25,2020-07-25T11:04:14,"['COORDINATE_ROUNDED', 'CONTINENT_DERIVED_FROM_COORDINATES']",2021-03-29T02:58:31.000+00:00,,
2850570866,PRESENT,"Nucella lapillus (Linnaeus, 1758)",Nucella lapillus,2020-07-30T14:33:39,-5.60541,54.541528,,2020,7,8,2020-07-08T00:00:00,"['COORDINATE_ROUNDED', 'CONTINENT_DERIVED_FROM_COORDINATES']",2021-05-19T14:16:06.000+00:00,,
2826219767,PRESENT,"Nucella lapillus (Linnaeus, 1758)",Nucella lapillus,2020-07-30T15:07:53,-5.605415,54.54141,,2020,7,8,2020-07-08T09:18:00,['CONTINENT_DERIVED_FROM_COORDINATES'],2020-07-30T15:40:22.000+00:00,,
3058836660,PRESENT,"Nucella lapillus (Linnaeus, 1758)",Nucella lapillus,2021-02-09T19:33:32,-5.577113,54.39422,5.0,2020,7,28,2020-07-28T12:37:20,"['COORDINATE_ROUNDED', 'CONTINENT_DERIVED_FROM_COORDINATES']",2022-11-14T20:33:18.000+00:00,,
3355864291,PRESENT,"Nucella lapillus (Linnaeus, 1758)",Nucella lapillus,,-5.682936,54.66804,70.7,2020,7,22,2020-07-22T00:00:00,['CONTINENT_DERIVED_FROM_COORDINATES'],,,
3771308212,PRESENT,"Nucella lapillus (Linnaeus, 1758)",Nucella lapillus,,-6.098249,53.26887,100.0,2020,7,28,2020-07-28T00:00:00,"['COORDINATE_ROUNDED', 'COUNTRY_DERIVED_FROM_COORDINATES', 'CONTINENT_DERIVED_FROM_COORDINATES']",2023-02-07T12:37:13.000+00:00,,
3355859361,PRESENT,"Nucella lapillus (Linnaeus, 1758)",Nucella lapillus,,-4.60804,54.0749,70.7,2020,8,12,2020-08-12T00:00:00,"['COUNTRY_DERIVED_FROM_COORDINATES', 'CONTINENT_DERIVED_FROM_COORDINATES']",,,
3786613514,PRESENT,"Nucella lapillus (Linnaeus, 1758)",Nucella lapillus,,-4.057128,52.47934,70.1,2020,8,10,2020-08-10T00:00:00,['CONTINENT_DERIVED_FROM_COORDINATES'],,,
3355864822,PRESENT,"Nucella lapillus (Linnaeus, 1758)",Nucella lapillus,,-5.636159,54.67072,70.7,2020,8,14,2020-08-14T00:00:00,['CONTINENT_DERIVED_FROM_COORDINATES'],,,
2856803314,PRESENT,"Nucella lapillus (Linnaeus, 1758)",Nucella lapillus,2020-08-26T14:51:50,-5.726916,54.847966,61.0,2020,8,26,2020-08-26T10:42:10,"['COORDINATE_ROUNDED', 'CONTINENT_DERIVED_FROM_COORDINATES']",2020-08-27T19:19:07.000+00:00,,
2901536100,PRESENT,"Nucella lapillus (Linnaeus, 1758)",Nucella lapillus,2020-10-20T15:07:15,-5.728931,54.847558,8.0,2020,8,26,2020-08-26T12:09:00,"['COORDINATE_ROUNDED', 'CONTINENT_DERIVED_FROM_COORDINATES']",2020-10-21T10:32:35.000+00:00,,
2901731103,PRESENT,"Nucella lapillus (Linnaeus, 1758)",Nucella lapillus,2020-10-20T15:07:19,-5.726944,54.848153,5.0,2020,8,26,2020-08-26T10:43:00,"['COORDINATE_ROUNDED', 'CONTINENT_DERIVED_FROM_COORDINATES']",2020-10-21T10:31:32.000+00:00,,
3355864999,PRESENT,"Nucella lapillus (Linnaeus, 1758)",Nucella lapillus,,-5.636159,54.67072,70.7,2020,8,14,2020-08-14T00:00:00,['CONTINENT_DERIVED_FROM_COORDINATES'],,,
3355867686,PRESENT,"Nucella lapillus (Linnaeus, 1758)",Nucella lapillus,,-4.292548,53.41109,70.7,2020,8,24,2020-08-24T00:00:00,['CONTINENT_DERIVED_FROM_COORDINATES'],,,
3771306990,PRESENT,"Nucella lapillus (Linnaeus, 1758)",Nucella lapillus,,-5.70744,54.667999,100.0,2020,8,16,2020-08-16T00:00:00,"['COORDINATE_ROUNDED', 'COUNTRY_DERIVED_FROM_COORDINATES', 'CONTINENT_DERIVED_FROM_COORDINATES']",2023-02-07T12:37:13.000+00:00,,
3771308373,PRESENT,"Nucella lapillus (Linnaeus, 1758)",Nucella lapillus,,-5.72836,54.847344,100.0,2020,8,3,2020-08-03T00:00:00,"['COORDINATE_ROUNDED', 'COUNTRY_DERIVED_FROM_COORDINATES', 'CONTINENT_DERIVED_FROM_COORDINATES']",2023-02-07T12:37:13.000+00:00,,
3786608386,PRESENT,"Nucella lapillus (Linnaeus, 1758)",Nucella lapillus,,-4.233548,53.3533,70.1,2020,9,22,2020-09-22T00:00:00,['CONTINENT_DERIVED_FROM_COORDINATES'],,,
3355868057,PRESENT,"Nucella lapillus (Linnaeus, 1758)",Nucella lapillus,,-4.162249,53.22032,70.7,2020,9,12,2020-09-12T00:00:00,['CONTINENT_DERIVED_FROM_COORDINATES'],,,
2864639868,PRESENT,"Nucella lapillus (Linnaeus, 1758)",Nucella lapillus,2020-09-12T13:59:33,-4.620779,53.279891,2.0,2020,9,12,2020-09-12T13:20:00,"['COORDINATE_ROUNDED', 'CONTINENT_DERIVED_FROM_COORDINATES']",2021-11-26T17:42:57.000+00:00,,
2864563688,PRESENT,"Nucella lapillus (Linnaeus, 1758)",Nucella lapillus,2020-09-12T19:11:25,-4.620766,53.279857,2.0,2020,9,12,2020-09-12T13:23:00,"['COORDINATE_ROUNDED', 'CONTINENT_DERIVED_FROM_COORDINATES']",2020-09-13T11:54:11.000+00:00,,
2988321670,PRESENT,"Nucella lapillus (Linnaeus, 1758)",Nucella lapillus,2020-09-14T21:31:59,-4.262663,53.360932,2.0,2020,9,14,2020-09-14T11:49:00,"['COORDINATE_ROUNDED', 'CONTINENT_DERIVED_FROM_COORDINATES']",2020-11-23T10:32:56.000+00:00,,
2868106588,PRESENT,"Nucella lapillus (Linnaeus, 1758)",Nucella lapillus,2020-09-14T21:32:01,-4.262503,53.360901,2.0,2020,9,14,2020-09-14T11:43:00,"['COORDINATE_ROUNDED', 'CONTINENT_DERIVED_FROM_COORDINATES']",2020-09-25T23:20:20.000+00:00,,
2864831308,PRESENT,"Nucella lapillus (Linnaeus, 1758)",Nucella lapillus,2020-09-15T10:46:01,-4.262784,53.36105,2.0,2020,9,14,2020-09-14T11:48:00,"['COORDINATE_ROUNDED', 'CONTINENT_DERIVED_FROM_COORDINATES']",2021-11-26T17:42:57.000+00:00,,
2868222516,PRESENT,"Nucella lapillus (Linnaeus, 1758)",Nucella lapillus,2020-09-16T18:26:26,-5.770595,54.852563,60.0,2020,9,16,2020-09-16T19:26:00,"['COORDINATE_ROUNDED', 'CONTINENT_DERIVED_FROM_COORDINATES']",2020-09-23T09:57:10.000+00:00,,
2868201209,PRESENT,"Nucella lapillus (Linnaeus, 1758)",Nucella lapillus,2020-09-20T20:56:29,-3.597998,54.485267,1108.0,2020,9,20,2020-09-20T12:06:00,"['COORDINATE_ROUNDED', 'CONTINENT_DERIVED_FROM_COORDINATES']",2020-09-21T06:45:31.000+00:00,,
2868372622,PRESENT,"Nucella lapillus (Linnaeus, 1758)",Nucella lapillus,2020-09-22T13:45:14,-4.226088,52.919252,5.0,2020,9,22,2020-09-22T11:27:38,"['COORDINATE_ROUNDED', 'CONTINENT_DERIVED_FROM_COORDINATES']",2022-11-08T07:15:36.000+00:00,,
2984435494,PRESENT,"Nucella lapillus (Linnaeus, 1758)",Nucella lapillus,2020-09-22T18:25:54,-4.476652,52.853073,4.0,2020,9,22,2020-09-22T17:11:09,"['COORDINATE_ROUNDED', 'CONTINENT_DERIVED_FROM_COORDINATES']",2022-11-08T07:15:36.000+00:00,,
2868364951,PRESENT,"Nucella lapillus (Linnaeus, 1758)",Nucella lapillus,2020-09-22T19:33:38,-4.233683,53.353273,2.0,2020,9,22,2020-09-22T11:52:00,"['COORDINATE_ROUNDED', 'CONTINENT_DERIVED_FROM_COORDINATES']",2020-09-22T22:16:49.000+00:00,,
2868351552,PRESENT,"Nucella lapillus (Linnaeus, 1758)",Nucella lapillus,2020-09-22T21:01:25,-4.233594,53.353305,2.0,2020,9,22,2020-09-22T11:46:00,"['COORDINATE_ROUNDED', 'CONTINENT_DERIVED_FROM_COORDINATES']",2021-11-26T17:42:57.000+00:00,,
3070628314,PRESENT,"Nucella lapillus (Linnaeus, 1758)",Nucella lapillus,2020-09-22T21:38:23,-4.233619,53.353319,2.0,2020,9,22,2020-09-22T11:50:00,"['COORDINATE_ROUNDED', 'CONTINENT_DERIVED_FROM_COORDINATES']",2021-11-26T17:42:57.000+00:00,,
2868319381,PRESENT,"Nucella lapillus (Linnaeus, 1758)",Nucella lapillus,2020-09-23T18:22:34,-4.634586,53.280621,2.0,2020,9,23,2020-09-23T10:28:00,"['COORDINATE_ROUNDED', 'CONTINENT_DERIVED_FROM_COORDINATES']",2020-09-25T23:18:33.000+00:00,,
2868348318,PRESENT,"Nucella lapillus (Linnaeus, 1758)",Nucella lapillus,2020-09-23T18:22:34,-4.634826,53.280653,2.0,2020,9,23,2020-09-23T10:30:00,"['COORDINATE_ROUNDED', 'CONTINENT_DERIVED_FROM_COORDINATES']",2020-09-25T23:18:08.000+00:00,,
2868342949,PRESENT,"Nucella lapillus (Linnaeus, 1758)",Nucella lapillus,2020-09-23T21:16:45,-4.63472,53.280702,2.0,2020,9,23,2020-09-23T10:24:00,"['COORDINATE_ROUNDED', 'CONTINENT_DERIVED_FROM_COORDINATES']",2021-11-26T17:42:57.000+00:00,,
2873761700,PRESENT,"Nucella lapillus (Linnaeus, 1758)",Nucella lapillus,2020-09-25T17:50:37,-5.849625,54.695577,,2020,9,22,2020-09-22T09:25:00,"['COORDINATE_ROUNDED', 'CONTINENT_DERIVED_FROM_COORDINATES']",2021-05-19T14:16:06.000+00:00,,
2873805533,PRESENT,"Nucella lapillus (Linnaeus, 1758)",Nucella lapillus,2020-09-25T17:50:38,-5.849563,54.695535,,2020,9,22,2020-09-22T09:23:00,"['COORDINATE_ROUNDED', 'CONTINENT_DERIVED_FROM_COORDINATES']",2021-05-19T14:16:06.000+00:00,,
2873976762,PRESENT,"Nucella lapillus (Linnaeus, 1758)",Nucella lapillus,2020-09-25T17:50:47,-5.847893,54.695607,,2020,9,22,2020-09-22T08:45:00,"['COORDINATE_ROUNDED', 'CONTINENT_DERIVED_FROM_COORDINATES']",2021-05-19T14:16:06.000+00:00,,
2883130604,PRESENT,"Nucella lapillus (Linnaeus, 1758)",Nucella lapillus,2020-10-02T13:01:15,-5.848047,54.695888,,2020,9,22,2020-09-22T08:17:48,"['COORDINATE_ROUNDED', 'CONTINENT_DERIVED_FROM_COORDINATES']",2020-10-02T13:56:48.000+00:00,,
2883102697,PRESENT,"Nucella lapillus (Linnaeus, 1758)",Nucella lapillus,2020-10-02T13:39:48,-5.848053,54.695522,,2020,9,22,2020-09-22T09:06:06,"['COORDINATE_ROUNDED', 'CONTINENT_DERIVED_FROM_COORDINATES']",2020-10-02T13:57:29.000+00:00,,
3039317866,PRESENT,"Nucella lapillus (Linnaeus, 1758)",Nucella lapillus,2021-02-09T21:06:25,-5.578553,54.394608,5.0,2020,9,18,2020-09-18T09:21:14,"['COORDINATE_ROUNDED', 'CONTINENT_DERIVED_FROM_COORDINATES']",2022-11-14T20:33:18.000+00:00,,
