"","Year","Survey","Quarter","Country","Ship","Gear","StNo","SpecLatin","ShootLong","ShootLat","CPUE_number_per_hour"
"1",2012,"IE-IGFS",4,"IE","45CE","GOV","33A","Sprattus sprattus",-6.758,52.007,472.7656
"2",2012,"NIGFS",1,"GB-NIR","74RY","ROT","100","Sprattus sprattus",-5.6795,54.1926,3305.2242
"3",2012,"NIGFS",1,"GB-NIR","74RY","ROT","112","Sprattus sprattus",-6.0395,52.56,1805.12
"4",2012,"NIGFS",1,"GB-NIR","74RY","ROT","113","Sprattus sprattus",-5.8755,52.3551,44.3478260869565
"5",2012,"NIGFS",1,"GB-NIR","74RY","ROT","116","Sprattus sprattus",-4.2668,52.3086,4317.423
"6",2012,"NIGFS",1,"GB-NIR","74RY","ROT","117","Sprattus sprattus",-4.4871,52.7225,778.3944
"7",2012,"NIGFS",1,"GB-NIR","74RY","ROT","118","Sprattus sprattus",-6.0041,53.2221,60379.9405714286
"8",2012,"NIGFS",1,"GB-NIR","74RY","ROT","119","Sprattus sprattus",-6.1021,52.6093,417.272727272727
"9",2012,"NIGFS",1,"GB-NIR","74RY","ROT","208","Sprattus sprattus",-5.7706,53.832,1897.6287
"10",2012,"NIGFS",1,"GB-NIR","74RY","ROT","242","Sprattus sprattus",-4.0395,54.1226,12957.8176
"11",2012,"NIGFS",1,"GB-NIR","74RY","ROT","243","Sprattus sprattus",-4.1128,53.7868,18423.9609230769
"12",2012,"NIGFS",1,"GB-NIR","74RY","ROT","246","Sprattus sprattus",-3.8175,53.4733,44261.2291
"13",2012,"NIGFS",1,"GB-NIR","74RY","ROT","247","Sprattus sprattus",-3.5961,53.647,73692
"14",2012,"NIGFS",1,"GB-NIR","74RY","ROT","249","Sprattus sprattus",-3.6938,53.7731,1485.4599047619
"15",2012,"NIGFS",1,"GB-NIR","74RY","ROT","256","Sprattus sprattus",-3.9268,54.6363,16670.9589677419
"16",2012,"NIGFS",1,"GB-NIR","74RY","ROT","257","Sprattus sprattus",-3.7725,54.4335,2238.78550819672
"17",2012,"NIGFS",1,"GB-NIR","74RY","ROT","258","Sprattus sprattus",-3.8828,54.317,13540.3908
"18",2012,"NIGFS",1,"GB-NIR","74RY","ROT","259","Sprattus sprattus",-3.699,54.2623,1969.0232
"19",2012,"NIGFS",1,"GB-NIR","74RY","ROT","342","Sprattus sprattus",-3.8338,53.9061,41744.5095
"20",2012,"NIGFS",1,"GB-NIR","74RY","ROT","343","Sprattus sprattus",-3.6803,54.1176,18479.6102
"21",2012,"NIGFS",1,"GB-NIR","74RY","ROT","35","Sprattus sprattus",-5.6911,54.7185,2982.38281967213
"22",2012,"NIGFS",1,"GB-NIR","74RY","ROT","46","Sprattus sprattus",-4.9411,54.2186,6
"23",2012,"NIGFS",1,"GB-NIR","74RY","ROT","48","Sprattus sprattus",-4.9983,54.0191,2544.4914
"24",2012,"NIGFS",1,"GB-NIR","74RY","ROT","51","Sprattus sprattus",-4.9713,53.8516,1454.3172
"25",2012,"NIGFS",1,"GB-NIR","74RY","ROT","56","Sprattus sprattus",-5.6413,53.5135,78
"26",2012,"NIGFS",1,"GB-NIR","74RY","ROT","63","Sprattus sprattus",-4.251,54.606,568.227
"27",2012,"NIGFS",1,"GB-NIR","74RY","ROT","64","Sprattus sprattus",-3.776,54.5743,72449.4792
"28",2012,"NIGFS",1,"GB-NIR","74RY","ROT","70","Sprattus sprattus",-5.7515,53.9805,32748.6405
"29",2012,"NIGFS",1,"GB-NIR","74RY","ROT","71","Sprattus sprattus",-5.9541,53.886,18751.4425
"30",2012,"NIGFS",1,"GB-NIR","74RY","ROT","73","Sprattus sprattus",-6.0855,53.8613,17678.6855
"31",2012,"NIGFS",1,"GB-NIR","74RY","ROT","75","Sprattus sprattus",-5.841,53.6578,783.4326
"32",2012,"NIGFS",1,"GB-NIR","74RY","ROT","76","Sprattus sprattus",-4.4968,53.9885,5470.7715
"33",2012,"NIGFS",1,"GB-NIR","74RY","ROT","79","Sprattus sprattus",-5.974,53.6756,8848.3164
"34",2012,"NIGFS",1,"GB-NIR","74RY","ROT","81","Sprattus sprattus",-5.3881,54.2483,2213.7481
"35",2012,"NIGFS",1,"GB-NIR","74RY","ROT","83","Sprattus sprattus",-5.282,54.3368,8
"36",2012,"NIGFS",1,"GB-NIR","74RY","ROT","88","Sprattus sprattus",-5.6878,53.992,2083.806
"37",2012,"NIGFS",1,"GB-NIR","74RY","ROT","90","Sprattus sprattus",-5.6993,53.6545,1805.519
"38",2012,"NIGFS",1,"GB-NIR","74RY","ROT","93","Sprattus sprattus",-5.8188,53.4848,139
"39",2012,"NIGFS",1,"GB-NIR","74RY","ROT","94","Sprattus sprattus",-5.766,53.3786,165
"40",2012,"NIGFS",1,"GB-NIR","74RY","ROT","96","Sprattus sprattus",-5.1008,53.8758,12.2033898305085
"41",2012,"NIGFS",1,"GB-NIR","74RY","ROT","97","Sprattus sprattus",-4.8933,54.2921,8
"42",2012,"NIGFS",1,"GB-NIR","74RY","ROT","99","Sprattus sprattus",-5.0215,54.1235,8
"43",2012,"NIGFS",4,"GB-NIR","74RY","ROT","100","Sprattus sprattus",-5.6821,54.1565,145118.6928
"44",2012,"NIGFS",4,"GB-NIR","74RY","ROT","106","Sprattus sprattus",-5.8588,53.191,38.1818181818182
"45",2012,"NIGFS",4,"GB-NIR","74RY","ROT","108","Sprattus sprattus",-5.2283,53.2011,6
"46",2012,"NIGFS",4,"GB-NIR","74RY","ROT","109","Sprattus sprattus",-5.3218,52.9798,21
"47",2012,"NIGFS",4,"GB-NIR","74RY","ROT","111","Sprattus sprattus",-5.8133,52.7263,105
"48",2012,"NIGFS",4,"GB-NIR","74RY","ROT","112","Sprattus sprattus",-6.0355,52.5705,6
"49",2012,"NIGFS",4,"GB-NIR","74RY","ROT","115","Sprattus sprattus",-4.9383,52.3258,2225.1915
"50",2012,"NIGFS",4,"GB-NIR","74RY","ROT","116","Sprattus sprattus",-4.275,52.3045,3498.6357
"51",2012,"NIGFS",4,"GB-NIR","74RY","ROT","118","Sprattus sprattus",-6.0038,53.2248,678
"52",2012,"NIGFS",4,"GB-NIR","74RY","ROT","119","Sprattus sprattus",-6.1,52.6288,8933.976
"53",2012,"NIGFS",4,"GB-NIR","74RY","ROT","17","Sprattus sprattus",-5.5281,54.1201,27828.2091
"54",2012,"NIGFS",4,"GB-NIR","74RY","ROT","208","Sprattus sprattus",-5.7738,53.8133,513
"55",2012,"NIGFS",4,"GB-NIR","74RY","ROT","216","Sprattus sprattus",-5.224,53.9195,6
"56",2012,"NIGFS",4,"GB-NIR","74RY","ROT","247","Sprattus sprattus",-3.6246,53.6226,3463.434
"57",2012,"NIGFS",4,"GB-NIR","74RY","ROT","249","Sprattus sprattus",-3.74,53.794,90
"58",2012,"NIGFS",4,"GB-NIR","74RY","ROT","256","Sprattus sprattus",-3.9388,54.6306,198073.3608
"59",2012,"NIGFS",4,"GB-NIR","74RY","ROT","257","Sprattus sprattus",-3.7423,54.3861,2686.7016
"60",2012,"NIGFS",4,"GB-NIR","74RY","ROT","258","Sprattus sprattus",-3.9328,54.3476,224244.1314
"61",2012,"NIGFS",4,"GB-NIR","74RY","ROT","259","Sprattus sprattus",-3.7096,54.2655,60714.8379
"62",2012,"NIGFS",4,"GB-NIR","74RY","ROT","342","Sprattus sprattus",-3.8413,53.9503,147
"63",2012,"NIGFS",4,"GB-NIR","74RY","ROT","344","Sprattus sprattus",-3.6435,54.1488,7894.4481
"64",2012,"NIGFS",4,"GB-NIR","74RY","ROT","35","Sprattus sprattus",-5.6181,54.7261,13145.2372941176
"65",2012,"NIGFS",4,"GB-NIR","74RY","ROT","46","Sprattus sprattus",-4.9583,54.1956,84
"66",2012,"NIGFS",4,"GB-NIR","74RY","ROT","50","Sprattus sprattus",-5.3463,53.755,33
"67",2012,"NIGFS",4,"GB-NIR","74RY","ROT","56","Sprattus sprattus",-5.6521,53.498,9
"68",2012,"NIGFS",4,"GB-NIR","74RY","ROT","64","Sprattus sprattus",-3.7373,54.6043,186326.0187
"69",2012,"NIGFS",4,"GB-NIR","74RY","ROT","71","Sprattus sprattus",-5.937,53.89,75048.4042857143
"70",2012,"NIGFS",4,"GB-NIR","74RY","ROT","73","Sprattus sprattus",-6.0668,53.832,85295.001
"71",2012,"NIGFS",4,"GB-NIR","74RY","ROT","75","Sprattus sprattus",-5.8465,53.696,2546.2677
"72",2012,"NIGFS",4,"GB-NIR","74RY","ROT","79","Sprattus sprattus",-5.9856,53.7008,89349.3216
"73",2012,"NIGFS",4,"GB-NIR","74RY","ROT","88","Sprattus sprattus",-5.7015,53.9521,1551.2274
"74",2012,"NIGFS",4,"GB-NIR","74RY","ROT","90","Sprattus sprattus",-5.6921,53.6353,3583.242
"75",2012,"NIGFS",4,"GB-NIR","74RY","ROT","92","Sprattus sprattus",-5.908,53.5926,54653.52
"76",2012,"NIGFS",4,"GB-NIR","74RY","ROT","93","Sprattus sprattus",-5.8318,53.5223,177
"77",2012,"NIGFS",4,"GB-NIR","74RY","ROT","94","Sprattus sprattus",-5.7656,53.384,114
"78",2012,"NIGFS",4,"GB-NIR","74RY","ROT","96","Sprattus sprattus",-5.1231,53.8425,78
"79",2013,"IE-IGFS",4,"IE","45CE","GOV","FG25","Sprattus sprattus",-6.212,52.016,34
"80",2013,"IE-IGFS",4,"IE","45CE","GOV","SJM1","Sprattus sprattus",-6.808,52.001,496.2848
"81",2013,"NIGFS",1,"GB-NIR","74RY","ROT","100","Sprattus sprattus",-5.6858,54.1868,6240.10098113208
"82",2013,"NIGFS",1,"GB-NIR","74RY","ROT","102","Sprattus sprattus",-4.6805,53.781,344.3594
"83",2013,"NIGFS",1,"GB-NIR","74RY","ROT","103","Sprattus sprattus",-5.4263,53.5528,771.9406
"84",2013,"NIGFS",1,"GB-NIR","74RY","ROT","106","Sprattus sprattus",-5.8651,53.1995,564
"85",2013,"NIGFS",1,"GB-NIR","74RY","ROT","107","Sprattus sprattus",-5.5528,53.2553,369
"86",2013,"NIGFS",1,"GB-NIR","74RY","ROT","115","Sprattus sprattus",-4.9383,52.3265,417
"87",2013,"NIGFS",1,"GB-NIR","74RY","ROT","116","Sprattus sprattus",-4.288,52.2981,19136.7375
"88",2013,"NIGFS",1,"GB-NIR","74RY","ROT","117","Sprattus sprattus",-4.497,52.7183,42
"89",2013,"NIGFS",1,"GB-NIR","74RY","ROT","118","Sprattus sprattus",-6.0015,53.2196,165
"90",2013,"NIGFS",1,"GB-NIR","74RY","ROT","208","Sprattus sprattus",-5.7665,53.834,1482.8427
"91",2013,"NIGFS",1,"GB-NIR","74RY","ROT","242","Sprattus sprattus",-4.0265,54.0703,1136.4736
"92",2013,"NIGFS",1,"GB-NIR","74RY","ROT","243","Sprattus sprattus",-4.1881,53.8231,6379.5549
"93",2013,"NIGFS",1,"GB-NIR","74RY","ROT","246","Sprattus sprattus",-3.7308,53.4856,16227.8984
"94",2013,"NIGFS",1,"GB-NIR","74RY","ROT","247","Sprattus sprattus",-3.5966,53.6478,15225.4436
"95",2013,"NIGFS",1,"GB-NIR","74RY","ROT","249","Sprattus sprattus",-3.7565,53.8001,33600.3856
"96",2013,"NIGFS",1,"GB-NIR","74RY","ROT","256","Sprattus sprattus",-3.9225,54.636,2931.8217
"97",2013,"NIGFS",1,"GB-NIR","74RY","ROT","257","Sprattus sprattus",-3.7715,54.4308,36181.7043
"98",2013,"NIGFS",1,"GB-NIR","74RY","ROT","258","Sprattus sprattus",-3.9458,54.3473,61286.6454
"99",2013,"NIGFS",1,"GB-NIR","74RY","ROT","259","Sprattus sprattus",-3.7248,54.2945,52131.807
"100",2013,"NIGFS",1,"GB-NIR","74RY","ROT","342","Sprattus sprattus",-3.8483,53.9651,22414.717
"101",2013,"NIGFS",1,"GB-NIR","74RY","ROT","345","Sprattus sprattus",-3.5648,54.1426,20025.3166
"102",2013,"NIGFS",1,"GB-NIR","74RY","ROT","35","Sprattus sprattus",-5.6968,54.7163,19605.1673
"103",2013,"NIGFS",1,"GB-NIR","74RY","ROT","48","Sprattus sprattus",-5.0005,54.021,988.848
"104",2013,"NIGFS",1,"GB-NIR","74RY","ROT","50","Sprattus sprattus",-5.3648,53.729,89
"105",2013,"NIGFS",1,"GB-NIR","74RY","ROT","63","Sprattus sprattus",-4.1681,54.624,255.993375
"106",2013,"NIGFS",1,"GB-NIR","74RY","ROT","64","Sprattus sprattus",-3.7425,54.6205,17331.12
"107",2013,"NIGFS",1,"GB-NIR","74RY","ROT","70","Sprattus sprattus",-5.7531,53.9713,15497.2482
"108",2013,"NIGFS",1,"GB-NIR","74RY","ROT","71","Sprattus sprattus",-5.8766,53.901,18912.9401
"109",2013,"NIGFS",1,"GB-NIR","74RY","ROT","73","Sprattus sprattus",-6.0321,53.8131,13224.8298
"110",2013,"NIGFS",1,"GB-NIR","74RY","ROT","76","Sprattus sprattus",-4.4043,54.014,230.3807
"111",2013,"NIGFS",1,"GB-NIR","74RY","ROT","77","Sprattus sprattus",-4.6813,53.8475,222.9786
"112",2013,"NIGFS",1,"GB-NIR","74RY","ROT","79","Sprattus sprattus",-6.0086,53.7246,3196.0968
"113",2013,"NIGFS",1,"GB-NIR","74RY","ROT","81","Sprattus sprattus",-5.3973,54.2058,335.124
"114",2013,"NIGFS",1,"GB-NIR","74RY","ROT","83","Sprattus sprattus",-5.2838,54.3378,171
"115",2013,"NIGFS",1,"GB-NIR","74RY","ROT","88","Sprattus sprattus",-5.7093,53.9363,816.3936
"116",2013,"NIGFS",1,"GB-NIR","74RY","ROT","90","Sprattus sprattus",-5.6775,53.5925,310.4412
"117",2013,"NIGFS",1,"GB-NIR","74RY","ROT","93","Sprattus sprattus",-5.8395,53.538,64
"118",2013,"NIGFS",1,"GB-NIR","74RY","ROT","94","Sprattus sprattus",-5.7633,53.3775,65
"119",2013,"NIGFS",4,"GB-NIR","74RY","ROT","100","Sprattus sprattus",-5.68,54.1856,35967.0636
"120",2013,"NIGFS",4,"GB-NIR","74RY","ROT","103","Sprattus sprattus",-5.4041,53.5825,45
"121",2013,"NIGFS",4,"GB-NIR","74RY","ROT","106","Sprattus sprattus",-5.8605,53.1916,3857.0595
"122",2013,"NIGFS",4,"GB-NIR","74RY","ROT","109","Sprattus sprattus",-5.3231,52.978,3
"123",2013,"NIGFS",4,"GB-NIR","74RY","ROT","111","Sprattus sprattus",-5.8205,52.7096,69
"124",2013,"NIGFS",4,"GB-NIR","74RY","ROT","113","Sprattus sprattus",-5.8733,52.3615,18
"125",2013,"NIGFS",4,"GB-NIR","74RY","ROT","116","Sprattus sprattus",-4.2676,52.3071,19037.277
"126",2013,"NIGFS",4,"GB-NIR","74RY","ROT","118","Sprattus sprattus",-6.0078,53.2335,216
"127",2013,"NIGFS",4,"GB-NIR","74RY","ROT","17","Sprattus sprattus",-5.5308,54.1168,13511.025
"128",2013,"NIGFS",4,"GB-NIR","74RY","ROT","208","Sprattus sprattus",-5.7803,53.7936,17237.7072
"129",2013,"NIGFS",4,"GB-NIR","74RY","ROT","216","Sprattus sprattus",-5.23,53.9128,84
"130",2013,"NIGFS",4,"GB-NIR","74RY","ROT","256","Sprattus sprattus",-3.9915,54.6163,95642.5626
"131",2013,"NIGFS",4,"GB-NIR","74RY","ROT","258","Sprattus sprattus",-3.9226,54.3316,2246.2746
"132",2013,"NIGFS",4,"GB-NIR","74RY","ROT","259","Sprattus sprattus",-3.714,54.282,19927.2216
"133",2013,"NIGFS",4,"GB-NIR","74RY","ROT","342","Sprattus sprattus",-3.8386,53.925,111
"134",2013,"NIGFS",4,"GB-NIR","74RY","ROT","345","Sprattus sprattus",-3.5916,54.158,53321.619
"135",2013,"NIGFS",4,"GB-NIR","74RY","ROT","35","Sprattus sprattus",-5.6753,54.719,11258.2494
"136",2013,"NIGFS",4,"GB-NIR","74RY","ROT","48","Sprattus sprattus",-4.9925,54.0113,347.3766
"137",2013,"NIGFS",4,"GB-NIR","74RY","ROT","56","Sprattus sprattus",-5.6565,53.5021,111
"138",2013,"NIGFS",4,"GB-NIR","74RY","ROT","64","Sprattus sprattus",-3.7446,54.6131,145279.690285714
"139",2013,"NIGFS",4,"GB-NIR","74RY","ROT","70","Sprattus sprattus",-5.7508,54.0033,15342.1668
"140",2013,"NIGFS",4,"GB-NIR","74RY","ROT","71","Sprattus sprattus",-5.8808,53.9008,7900.2504
"141",2013,"NIGFS",4,"GB-NIR","74RY","ROT","73","Sprattus sprattus",-6.076,53.853,268634.5992
"142",2013,"NIGFS",4,"GB-NIR","74RY","ROT","79","Sprattus sprattus",-5.9988,53.7183,8174.3985
"143",2013,"NIGFS",4,"GB-NIR","74RY","ROT","81","Sprattus sprattus",-5.3885,54.2478,33678.765
"144",2013,"NIGFS",4,"GB-NIR","74RY","ROT","90","Sprattus sprattus",-5.69,53.6295,90
"145",2013,"NIGFS",4,"GB-NIR","74RY","ROT","92","Sprattus sprattus",-5.912,53.5921,57940.6359
"146",2013,"NIGFS",4,"GB-NIR","74RY","ROT","93","Sprattus sprattus",-5.8276,53.5156,243
"147",2013,"NIGFS",4,"GB-NIR","74RY","ROT","94","Sprattus sprattus",-5.7878,53.413,45
"148",2013,"NIGFS",4,"GB-NIR","74RY","ROT","96","Sprattus sprattus",-5.126,53.8351,9
"149",2013,"NIGFS",4,"GB-NIR","74RY","ROT","97","Sprattus sprattus",-4.897,54.3046,12
"150",2013,"NIGFS",4,"GB-NIR","74RY","ROT","99","Sprattus sprattus",-5.0563,54.0936,15
"151",2014,"NIGFS",1,"GB-NIR","74RY","ROT","100","Sprattus sprattus",-5.6838,54.1921,11893.4346
"152",2014,"NIGFS",1,"GB-NIR","74RY","ROT","101","Sprattus sprattus",-5.3113,54.0935,5
"153",2014,"NIGFS",1,"GB-NIR","74RY","ROT","102","Sprattus sprattus",-4.6523,53.7396,5
"154",2014,"NIGFS",1,"GB-NIR","74RY","ROT","105","Sprattus sprattus",-5.0446,53.7125,38
"155",2014,"NIGFS",1,"GB-NIR","74RY","ROT","106","Sprattus sprattus",-5.86,53.1895,39
"156",2014,"NIGFS",1,"GB-NIR","74RY","ROT","107","Sprattus sprattus",-5.5518,53.247,12
"157",2014,"NIGFS",1,"GB-NIR","74RY","ROT","108","Sprattus sprattus",-5.2245,53.222,6
"158",2014,"NIGFS",1,"GB-NIR","74RY","ROT","118","Sprattus sprattus",-6.0025,53.2241,30
"159",2014,"NIGFS",1,"GB-NIR","74RY","ROT","120","Sprattus sprattus",-5.7656,52.8593,55
"160",2014,"NIGFS",1,"GB-NIR","74RY","ROT","17","Sprattus sprattus",-5.5671,54.0943,178
"161",2014,"NIGFS",1,"GB-NIR","74RY","ROT","208","Sprattus sprattus",-5.7815,53.7838,6757.1
"162",2014,"NIGFS",1,"GB-NIR","74RY","ROT","216","Sprattus sprattus",-5.2311,53.9168,90
"163",2014,"NIGFS",1,"GB-NIR","74RY","ROT","243","Sprattus sprattus",-4.1205,53.788,21
"164",2014,"NIGFS",1,"GB-NIR","74RY","ROT","245","Sprattus sprattus",-4.1955,53.5016,9
"165",2014,"NIGFS",1,"GB-NIR","74RY","ROT","246","Sprattus sprattus",-3.7196,53.4875,264.0582
"166",2014,"NIGFS",1,"GB-NIR","74RY","ROT","247","Sprattus sprattus",-3.6396,53.6095,2112.711
"167",2014,"NIGFS",1,"GB-NIR","74RY","ROT","249","Sprattus sprattus",-3.7666,53.8105,201.8748
"168",2014,"NIGFS",1,"GB-NIR","74RY","ROT","256","Sprattus sprattus",-3.9123,54.6383,1702.978
"169",2014,"NIGFS",1,"GB-NIR","74RY","ROT","257","Sprattus sprattus",-3.7741,54.4315,1131.4215
"170",2014,"NIGFS",1,"GB-NIR","74RY","ROT","258","Sprattus sprattus",-3.8961,54.3173,110.403
"171",2014,"NIGFS",1,"GB-NIR","74RY","ROT","259","Sprattus sprattus",-3.6766,54.2545,38
"172",2014,"NIGFS",1,"GB-NIR","74RY","ROT","342","Sprattus sprattus",-3.8413,53.9586,167
"173",2014,"NIGFS",1,"GB-NIR","74RY","ROT","345","Sprattus sprattus",-3.5588,54.129,565.8744
"174",2014,"NIGFS",1,"GB-NIR","74RY","ROT","35","Sprattus sprattus",-5.6165,54.731,5675.211
"175",2014,"NIGFS",1,"GB-NIR","74RY","ROT","46","Sprattus sprattus",-4.979,54.1766,88
"176",2014,"NIGFS",1,"GB-NIR","74RY","ROT","48","Sprattus sprattus",-4.9948,54.0166,88.3818
"177",2014,"NIGFS",1,"GB-NIR","74RY","ROT","50","Sprattus sprattus",-5.3245,53.7831,113.652
"178",2014,"NIGFS",1,"GB-NIR","74RY","ROT","51","Sprattus sprattus",-5.025,53.893,22
"179",2014,"NIGFS",1,"GB-NIR","74RY","ROT","63","Sprattus sprattus",-4.1671,54.6258,58
"180",2014,"NIGFS",1,"GB-NIR","74RY","ROT","64","Sprattus sprattus",-3.7803,54.566,4976.1435
"181",2014,"NIGFS",1,"GB-NIR","74RY","ROT","70","Sprattus sprattus",-5.7513,53.9771,7264.7436
"182",2014,"NIGFS",1,"GB-NIR","74RY","ROT","71","Sprattus sprattus",-5.8811,53.8993,6145.713
"183",2014,"NIGFS",1,"GB-NIR","74RY","ROT","73","Sprattus sprattus",-6.0423,53.8133,2424.508
"184",2014,"NIGFS",1,"GB-NIR","74RY","ROT","75","Sprattus sprattus",-5.8376,53.6606,2568.505
"185",2014,"NIGFS",1,"GB-NIR","74RY","ROT","76","Sprattus sprattus",-4.4926,53.9873,18
"186",2014,"NIGFS",1,"GB-NIR","74RY","ROT","77","Sprattus sprattus",-4.6915,53.8413,48
"187",2014,"NIGFS",1,"GB-NIR","74RY","ROT","79","Sprattus sprattus",-6.0085,53.7355,7562.213
"188",2014,"NIGFS",1,"GB-NIR","74RY","ROT","81","Sprattus sprattus",-5.3975,54.207,1414.7562
"189",2014,"NIGFS",1,"GB-NIR","74RY","ROT","83","Sprattus sprattus",-5.2988,54.3853,37
"190",2014,"NIGFS",1,"GB-NIR","74RY","ROT","86","Sprattus sprattus",-5.447,54.6233,492.5736
"191",2014,"NIGFS",1,"GB-NIR","74RY","ROT","88","Sprattus sprattus",-5.6775,53.9885,352.9505
"192",2014,"NIGFS",1,"GB-NIR","74RY","ROT","90","Sprattus sprattus",-5.6858,53.6068,6
"193",2014,"NIGFS",1,"GB-NIR","74RY","ROT","92","Sprattus sprattus",-5.9503,53.6203,1361.8816
"194",2014,"NIGFS",1,"GB-NIR","74RY","ROT","93","Sprattus sprattus",-5.8396,53.5345,18
"195",2014,"NIGFS",1,"GB-NIR","74RY","ROT","94","Sprattus sprattus",-5.797,53.4246,284.6662
"196",2014,"NIGFS",1,"GB-NIR","74RY","ROT","96","Sprattus sprattus",-5.0988,53.8701,15
"197",2014,"NIGFS",1,"GB-NIR","74RY","ROT","99","Sprattus sprattus",-5.0628,54.0903,77
"198",2014,"NIGFS",4,"GB-NIR","74RY","ROT","100","Sprattus sprattus",-5.6855,54.1621,25503.1095
"199",2014,"NIGFS",4,"GB-NIR","74RY","ROT","101","Sprattus sprattus",-5.325,54.1281,240
"200",2014,"NIGFS",4,"GB-NIR","74RY","ROT","102","Sprattus sprattus",-4.6761,53.769,18
"201",2014,"NIGFS",4,"GB-NIR","74RY","ROT","105","Sprattus sprattus",-5.095,53.6831,6
"202",2014,"NIGFS",4,"GB-NIR","74RY","ROT","107","Sprattus sprattus",-5.553,53.2503,6
"203",2014,"NIGFS",4,"GB-NIR","74RY","ROT","108","Sprattus sprattus",-5.2278,53.2008,6
"204",2014,"NIGFS",4,"GB-NIR","74RY","ROT","111","Sprattus sprattus",-5.82,52.7076,12
"205",2014,"NIGFS",4,"GB-NIR","74RY","ROT","112","Sprattus sprattus",-6.0401,52.5563,204
"206",2014,"NIGFS",4,"GB-NIR","74RY","ROT","115","Sprattus sprattus",-4.9288,52.3346,30
"207",2014,"NIGFS",4,"GB-NIR","74RY","ROT","116","Sprattus sprattus",-4.2688,52.3073,3127.4829
"208",2014,"NIGFS",4,"GB-NIR","74RY","ROT","117","Sprattus sprattus",-4.5101,52.716,318
"209",2014,"NIGFS",4,"GB-NIR","74RY","ROT","118","Sprattus sprattus",-6.008,53.2398,210
"210",2014,"NIGFS",4,"GB-NIR","74RY","ROT","120","Sprattus sprattus",-5.7695,52.8456,60
"211",2014,"NIGFS",4,"GB-NIR","74RY","ROT","17","Sprattus sprattus",-5.5285,54.1211,7086.2742
"212",2014,"NIGFS",4,"GB-NIR","74RY","ROT","208","Sprattus sprattus",-5.772,53.8306,487.323
"213",2014,"NIGFS",4,"GB-NIR","74RY","ROT","216","Sprattus sprattus",-5.2223,53.9215,108
"214",2014,"NIGFS",4,"GB-NIR","74RY","ROT","242","Sprattus sprattus",-4.045,54.117,15
"215",2014,"NIGFS",4,"GB-NIR","74RY","ROT","245","Sprattus sprattus",-4.213,53.507,186
"216",2014,"NIGFS",4,"GB-NIR","74RY","ROT","247","Sprattus sprattus",-3.6185,53.6271,1733.256
"217",2014,"NIGFS",4,"GB-NIR","74RY","ROT","249","Sprattus sprattus",-3.738,53.7901,9
"218",2014,"NIGFS",4,"GB-NIR","74RY","ROT","256","Sprattus sprattus",-3.9531,54.627,73352.223
"219",2014,"NIGFS",4,"GB-NIR","74RY","ROT","257","Sprattus sprattus",-3.7493,54.3928,10126.3152
"220",2014,"NIGFS",4,"GB-NIR","74RY","ROT","258","Sprattus sprattus",-3.9363,54.3551,2570.832
"221",2014,"NIGFS",4,"GB-NIR","74RY","ROT","259","Sprattus sprattus",-3.7228,54.2963,9173.997
"222",2014,"NIGFS",4,"GB-NIR","74RY","ROT","345","Sprattus sprattus",-3.5976,54.165,33227.6187
"223",2014,"NIGFS",4,"GB-NIR","74RY","ROT","35","Sprattus sprattus",-5.6746,54.7195,29847.7758
"224",2014,"NIGFS",4,"GB-NIR","74RY","ROT","50","Sprattus sprattus",-5.341,53.7626,69
"225",2014,"NIGFS",4,"GB-NIR","74RY","ROT","51","Sprattus sprattus",-5.0233,53.8871,15
"226",2014,"NIGFS",4,"GB-NIR","74RY","ROT","63","Sprattus sprattus",-4.2206,54.6143,1101.8196
"227",2014,"NIGFS",4,"GB-NIR","74RY","ROT","64","Sprattus sprattus",-3.7483,54.605,123868.926
"228",2014,"NIGFS",4,"GB-NIR","74RY","ROT","70","Sprattus sprattus",-5.752,53.9971,22107.228
"229",2014,"NIGFS",4,"GB-NIR","74RY","ROT","71","Sprattus sprattus",-5.9401,53.8888,4816.1832
"230",2014,"NIGFS",4,"GB-NIR","74RY","ROT","73","Sprattus sprattus",-6.0705,53.8438,9759.984
"231",2014,"NIGFS",4,"GB-NIR","74RY","ROT","75","Sprattus sprattus",-5.8393,53.6793,15
"232",2014,"NIGFS",4,"GB-NIR","74RY","ROT","81","Sprattus sprattus",-5.39,54.2453,2170.6656
"233",2014,"NIGFS",4,"GB-NIR","74RY","ROT","88","Sprattus sprattus",-5.6896,53.9745,9820.635
"234",2014,"NIGFS",4,"GB-NIR","74RY","ROT","90","Sprattus sprattus",-5.6881,53.6145,279
"235",2014,"NIGFS",4,"GB-NIR","74RY","ROT","96","Sprattus sprattus",-5.1156,53.8505,30
"236",2015,"IE-IGFS",4,"IE","45CE","GOV","FG25","Sprattus sprattus",-6.203,52.019,70
"237",2015,"NIGFS",1,"GB-NIR","74RY","ROT","100","Sprattus sprattus",-5.6815,54.139,3031.525
"238",2015,"NIGFS",1,"GB-NIR","74RY","ROT","102","Sprattus sprattus",-4.6498,53.7365,47
"239",2015,"NIGFS",1,"GB-NIR","74RY","ROT","105","Sprattus sprattus",-5.1065,53.6796,199.7436
"240",2015,"NIGFS",1,"GB-NIR","74RY","ROT","107","Sprattus sprattus",-5.5521,53.2426,447
"241",2015,"NIGFS",1,"GB-NIR","74RY","ROT","108","Sprattus sprattus",-5.2276,53.1993,12
"242",2015,"NIGFS",1,"GB-NIR","74RY","ROT","109","Sprattus sprattus",-5.3231,52.9751,15
"243",2015,"NIGFS",1,"GB-NIR","74RY","ROT","111","Sprattus sprattus",-5.8135,52.7228,390
"244",2015,"NIGFS",1,"GB-NIR","74RY","ROT","112","Sprattus sprattus",-6.0428,52.554,78
"245",2015,"NIGFS",1,"GB-NIR","74RY","ROT","113","Sprattus sprattus",-5.8735,52.366,12
"246",2015,"NIGFS",1,"GB-NIR","74RY","ROT","114","Sprattus sprattus",-5.7756,52.5946,9
"247",2015,"NIGFS",1,"GB-NIR","74RY","ROT","115","Sprattus sprattus",-4.9206,52.3431,4123.428
"248",2015,"NIGFS",1,"GB-NIR","74RY","ROT","116","Sprattus sprattus",-4.2726,52.3053,147
"249",2015,"NIGFS",1,"GB-NIR","74RY","ROT","117","Sprattus sprattus",-4.5225,52.7125,15
"250",2015,"NIGFS",1,"GB-NIR","74RY","ROT","118","Sprattus sprattus",-6.0005,53.2188,60
"251",2015,"NIGFS",1,"GB-NIR","74RY","ROT","120","Sprattus sprattus",-5.7655,52.8578,339
"252",2015,"NIGFS",1,"GB-NIR","74RY","ROT","17","Sprattus sprattus",-5.5606,54.0998,627.718
"253",2015,"NIGFS",1,"GB-NIR","74RY","ROT","216","Sprattus sprattus",-5.2328,53.9126,14
"254",2015,"NIGFS",1,"GB-NIR","74RY","ROT","242","Sprattus sprattus",-4.0356,54.0708,4129.4106
"255",2015,"NIGFS",1,"GB-NIR","74RY","ROT","243","Sprattus sprattus",-4.1226,53.7901,51
"256",2015,"NIGFS",1,"GB-NIR","74RY","ROT","245","Sprattus sprattus",-4.2618,53.5275,144
"257",2015,"NIGFS",1,"GB-NIR","74RY","ROT","246","Sprattus sprattus",-3.7218,53.4866,287.480123076923
"258",2015,"NIGFS",1,"GB-NIR","74RY","ROT","247","Sprattus sprattus",-3.5968,53.6476,495.7065
"259",2015,"NIGFS",1,"GB-NIR","74RY","ROT","249","Sprattus sprattus",-3.7743,53.807,275.6851
"260",2015,"NIGFS",1,"GB-NIR","74RY","ROT","256","Sprattus sprattus",-4.0036,54.6151,1897.0392
"261",2015,"NIGFS",1,"GB-NIR","74RY","ROT","257","Sprattus sprattus",-3.7628,54.43,680.7276
"262",2015,"NIGFS",1,"GB-NIR","74RY","ROT","258","Sprattus sprattus",-3.8835,54.3158,800.7838
"263",2015,"NIGFS",1,"GB-NIR","74RY","ROT","259","Sprattus sprattus",-3.7185,54.2975,744.6894
"264",2015,"NIGFS",1,"GB-NIR","74RY","ROT","342","Sprattus sprattus",-3.8403,53.908,381.952
"265",2015,"NIGFS",1,"GB-NIR","74RY","ROT","345","Sprattus sprattus",-3.5536,54.1283,1137.3312
"266",2015,"NIGFS",1,"GB-NIR","74RY","ROT","35","Sprattus sprattus",-5.6795,54.7193,356.031529411765
"267",2015,"NIGFS",1,"GB-NIR","74RY","ROT","46","Sprattus sprattus",-4.9826,54.1713,41
"268",2015,"NIGFS",1,"GB-NIR","74RY","ROT","50","Sprattus sprattus",-5.3313,53.7833,20
"269",2015,"NIGFS",1,"GB-NIR","74RY","ROT","51","Sprattus sprattus",-4.9976,53.901,21
"270",2015,"NIGFS",1,"GB-NIR","74RY","ROT","56","Sprattus sprattus",-5.6411,53.5083,107
"271",2015,"NIGFS",1,"GB-NIR","74RY","ROT","63","Sprattus sprattus",-4.2538,54.6061,206.4692
"272",2015,"NIGFS",1,"GB-NIR","74RY","ROT","64","Sprattus sprattus",-3.7515,54.6205,1547.7462
"273",2015,"NIGFS",1,"GB-NIR","74RY","ROT","70","Sprattus sprattus",-5.7543,53.9718,4226.8869
"274",2015,"NIGFS",1,"GB-NIR","74RY","ROT","71","Sprattus sprattus",-5.9505,53.8893,148.9488
"275",2015,"NIGFS",1,"GB-NIR","74RY","ROT","73","Sprattus sprattus",-6.0805,53.8495,3256.74
"276",2015,"NIGFS",1,"GB-NIR","74RY","ROT","76","Sprattus sprattus",-4.4101,54.0113,83
"277",2015,"NIGFS",1,"GB-NIR","74RY","ROT","79","Sprattus sprattus",-5.9823,53.6913,29
"278",2015,"NIGFS",1,"GB-NIR","74RY","ROT","81","Sprattus sprattus",-5.389,54.2538,200.2032
"279",2015,"NIGFS",1,"GB-NIR","74RY","ROT","83","Sprattus sprattus",-5.2988,54.38,238.7692
"280",2015,"NIGFS",1,"GB-NIR","74RY","ROT","88","Sprattus sprattus",-5.7145,53.9353,2014
"281",2015,"NIGFS",1,"GB-NIR","74RY","ROT","90","Sprattus sprattus",-5.6985,53.6508,864.1827
"282",2015,"NIGFS",1,"GB-NIR","74RY","ROT","93","Sprattus sprattus",-5.8098,53.4808,132
"283",2015,"NIGFS",1,"GB-NIR","74RY","ROT","94","Sprattus sprattus",-5.7626,53.3806,3
"284",2015,"NIGFS",1,"GB-NIR","74RY","ROT","96","Sprattus sprattus",-5.138,53.8268,1
"285",2015,"NIGFS",1,"GB-NIR","74RY","ROT","97","Sprattus sprattus",-4.9263,54.3401,5
"286",2015,"NIGFS",1,"GB-NIR","74RY","ROT","99","Sprattus sprattus",-5.0563,54.089,14
"287",2015,"NIGFS",4,"GB-NIR","74RY","ROT","100","Sprattus sprattus",-5.6831,54.1636,19058.6
"288",2015,"NIGFS",4,"GB-NIR","74RY","ROT","101","Sprattus sprattus",-5.3236,54.1125,276.666666666667
"289",2015,"NIGFS",4,"GB-NIR","74RY","ROT","106","Sprattus sprattus",-5.8574,53.1892,635.202666666667
"290",2015,"NIGFS",4,"GB-NIR","74RY","ROT","107","Sprattus sprattus",-5.5521,53.2475,26.6666666666667
"291",2015,"NIGFS",4,"GB-NIR","74RY","ROT","108","Sprattus sprattus",-5.2264,53.215,16.6666666666667
"292",2015,"NIGFS",4,"GB-NIR","74RY","ROT","109","Sprattus sprattus",-5.3185,52.9913,6.66666666666667
"293",2015,"NIGFS",4,"GB-NIR","74RY","ROT","111","Sprattus sprattus",-5.8153,52.7183,50
"294",2015,"NIGFS",4,"GB-NIR","74RY","ROT","112","Sprattus sprattus",-6.0379,52.5718,123.333333333333
"295",2015,"NIGFS",4,"GB-NIR","74RY","ROT","115","Sprattus sprattus",-4.9393,52.3261,283.333333333333
"296",2015,"NIGFS",4,"GB-NIR","74RY","ROT","117","Sprattus sprattus",-4.5178,52.7144,1169.812
"297",2015,"NIGFS",4,"GB-NIR","74RY","ROT","120","Sprattus sprattus",-5.7686,52.8488,13.3333333333333
"298",2015,"NIGFS",4,"GB-NIR","74RY","ROT","121","Sprattus sprattus",-5.6526,52.869,23.3333333333333
"299",2015,"NIGFS",4,"GB-NIR","74RY","ROT","122","Sprattus sprattus",-4.6462,53.1334,26.6666666666667
"300",2015,"NIGFS",4,"GB-NIR","74RY","ROT","17","Sprattus sprattus",-5.5543,54.1045,28249.221
"301",2015,"NIGFS",4,"GB-NIR","74RY","ROT","208","Sprattus sprattus",-5.7743,53.8051,990.999333333333
"302",2015,"NIGFS",4,"GB-NIR","74RY","ROT","246","Sprattus sprattus",-3.8069,53.4756,3.33333333333333
"303",2015,"NIGFS",4,"GB-NIR","74RY","ROT","247","Sprattus sprattus",-3.6185,53.6285,3.33333333333333
"304",2015,"NIGFS",4,"GB-NIR","74RY","ROT","256","Sprattus sprattus",-3.98,54.6205,117281.677333333
"305",2015,"NIGFS",4,"GB-NIR","74RY","ROT","257","Sprattus sprattus",-3.7676,54.4226,35419.328
"306",2015,"NIGFS",4,"GB-NIR","74RY","ROT","258","Sprattus sprattus",-3.9368,54.351,159472.07
"307",2015,"NIGFS",4,"GB-NIR","74RY","ROT","259","Sprattus sprattus",-3.6991,54.2721,105316.068
"308",2015,"NIGFS",4,"GB-NIR","74RY","ROT","345","Sprattus sprattus",-3.5888,54.1566,111094.164
"309",2015,"NIGFS",4,"GB-NIR","74RY","ROT","35","Sprattus sprattus",-5.6642,54.7204,3599.484
"310",2015,"NIGFS",4,"GB-NIR","74RY","ROT","48","Sprattus sprattus",-4.9816,53.9983,136.666666666667
"311",2015,"NIGFS",4,"GB-NIR","74RY","ROT","63","Sprattus sprattus",-4.2071,54.6158,10
"312",2015,"NIGFS",4,"GB-NIR","74RY","ROT","64","Sprattus sprattus",-3.7575,54.5926,1198.25333333333
"313",2015,"NIGFS",4,"GB-NIR","74RY","ROT","70","Sprattus sprattus",-5.7468,54.0203,21886.8963333333
"314",2015,"NIGFS",4,"GB-NIR","74RY","ROT","71","Sprattus sprattus",-5.8893,53.8963,46444.4406666667
"315",2015,"NIGFS",4,"GB-NIR","74RY","ROT","73","Sprattus sprattus",-6.0655,53.8392,18186.7833333333
"316",2015,"NIGFS",4,"GB-NIR","74RY","ROT","75","Sprattus sprattus",-5.8438,53.6762,6918.93333333333
"317",2015,"NIGFS",4,"GB-NIR","74RY","ROT","79","Sprattus sprattus",-5.9811,53.6919,8719.893
"318",2015,"NIGFS",4,"GB-NIR","74RY","ROT","81","Sprattus sprattus",-5.3901,54.2399,32881.2586666667
"319",2015,"NIGFS",4,"GB-NIR","74RY","ROT","83","Sprattus sprattus",-5.294,54.3759,10
"320",2015,"NIGFS",4,"GB-NIR","74RY","ROT","86","Sprattus sprattus",-5.4411,54.6062,6.66666666666667
"321",2015,"NIGFS",4,"GB-NIR","74RY","ROT","88","Sprattus sprattus",-5.6915,53.9723,1314.16133333333
"322",2015,"NIGFS",4,"GB-NIR","74RY","ROT","90","Sprattus sprattus",-5.6843,53.6254,6.66666666666667
"323",2015,"NIGFS",4,"GB-NIR","74RY","ROT","97","Sprattus sprattus",-4.8983,54.2968,33.3333333333333
"324",2016,"IE-IGFS",4,"IE","45CE","GOV","33A","Sprattus sprattus",-6.755,52.007,122
"325",2016,"IE-IGFS",4,"IE","45CE","GOV","FG25","Sprattus sprattus",-6.213,52.016,18
"326",2016,"NIGFS",1,"GB-NIR","74RY","ROT","100","Sprattus sprattus",-5.6819,54.1357,18668.4024
"327",2016,"NIGFS",1,"GB-NIR","74RY","ROT","101","Sprattus sprattus",-5.327,54.13,46
"328",2016,"NIGFS",1,"GB-NIR","74RY","ROT","102","Sprattus sprattus",-4.6537,53.7425,179.0685
"329",2016,"NIGFS",1,"GB-NIR","74RY","ROT","103","Sprattus sprattus",-5.4274,53.5533,95
"330",2016,"NIGFS",1,"GB-NIR","74RY","ROT","105","Sprattus sprattus",-5.0363,53.7171,70
"331",2016,"NIGFS",1,"GB-NIR","74RY","ROT","106","Sprattus sprattus",-5.859,53.2042,4194.648
"332",2016,"NIGFS",1,"GB-NIR","74RY","ROT","107","Sprattus sprattus",-5.5521,53.2465,460
"333",2016,"NIGFS",1,"GB-NIR","74RY","ROT","109","Sprattus sprattus",-5.319,52.9885,383.333333333333
"334",2016,"NIGFS",1,"GB-NIR","74RY","ROT","111","Sprattus sprattus",-5.8213,52.7061,93.3333333333333
"335",2016,"NIGFS",1,"GB-NIR","74RY","ROT","112","Sprattus sprattus",-6.0416,52.5537,63.3333333333333
"336",2016,"NIGFS",1,"GB-NIR","74RY","ROT","113","Sprattus sprattus",-5.8704,52.3774,80
"337",2016,"NIGFS",1,"GB-NIR","74RY","ROT","114","Sprattus sprattus",-5.7798,52.5797,336.666666666667
"338",2016,"NIGFS",1,"GB-NIR","74RY","ROT","115","Sprattus sprattus",-4.923,52.3433,574.455
"339",2016,"NIGFS",1,"GB-NIR","74RY","ROT","116","Sprattus sprattus",-4.2889,52.299,4372.45333333333
"340",2016,"NIGFS",1,"GB-NIR","74RY","ROT","117","Sprattus sprattus",-4.4865,52.7215,193.333333333333
"341",2016,"NIGFS",1,"GB-NIR","74RY","ROT","118","Sprattus sprattus",-6.0015,53.2228,1541.62933333333
"342",2016,"NIGFS",1,"GB-NIR","74RY","ROT","119","Sprattus sprattus",-6.1057,52.6103,53.3333333333333
"343",2016,"NIGFS",1,"GB-NIR","74RY","ROT","120","Sprattus sprattus",-5.7662,52.8562,313.333333333333
"344",2016,"NIGFS",1,"GB-NIR","74RY","ROT","121","Sprattus sprattus",-5.6449,52.8815,226.666666666667
"345",2016,"NIGFS",1,"GB-NIR","74RY","ROT","17","Sprattus sprattus",-5.5112,54.1346,152.07
"346",2016,"NIGFS",1,"GB-NIR","74RY","ROT","208","Sprattus sprattus",-5.7669,53.8315,125
"347",2016,"NIGFS",1,"GB-NIR","74RY","ROT","216","Sprattus sprattus",-5.2488,53.8959,40
"348",2016,"NIGFS",1,"GB-NIR","74RY","ROT","242","Sprattus sprattus",-4.0509,54.0736,10325.5218181818
"349",2016,"NIGFS",1,"GB-NIR","74RY","ROT","243","Sprattus sprattus",-4.1834,53.8205,13
"350",2016,"NIGFS",1,"GB-NIR","74RY","ROT","247","Sprattus sprattus",-3.6377,53.6098,2677.9982
"351",2016,"NIGFS",1,"GB-NIR","74RY","ROT","249","Sprattus sprattus",-3.7721,53.8083,293.8059
"352",2016,"NIGFS",1,"GB-NIR","74RY","ROT","256","Sprattus sprattus",-4.0011,54.615,801.346
"353",2016,"NIGFS",1,"GB-NIR","74RY","ROT","257","Sprattus sprattus",-3.7401,54.3828,1210.9344
"354",2016,"NIGFS",1,"GB-NIR","74RY","ROT","258","Sprattus sprattus",-3.9141,54.3081,762.6064
"355",2016,"NIGFS",1,"GB-NIR","74RY","ROT","259","Sprattus sprattus",-3.6872,54.2472,5683.584
"356",2016,"NIGFS",1,"GB-NIR","74RY","ROT","342","Sprattus sprattus",-3.8394,53.9639,7236.4446
"357",2016,"NIGFS",1,"GB-NIR","74RY","ROT","345","Sprattus sprattus",-3.5562,54.1273,1541.3253
"358",2016,"NIGFS",1,"GB-NIR","74RY","ROT","35","Sprattus sprattus",-5.6929,54.7181,2503.8314
"359",2016,"NIGFS",1,"GB-NIR","74RY","ROT","48","Sprattus sprattus",-4.9709,53.9721,108
"360",2016,"NIGFS",1,"GB-NIR","74RY","ROT","51","Sprattus sprattus",-4.9697,53.8557,10
"361",2016,"NIGFS",1,"GB-NIR","74RY","ROT","56","Sprattus sprattus",-5.6358,53.4968,107
"362",2016,"NIGFS",1,"GB-NIR","74RY","ROT","63","Sprattus sprattus",-4.1704,54.6236,331.0276
"363",2016,"NIGFS",1,"GB-NIR","74RY","ROT","64","Sprattus sprattus",-3.7875,54.5663,40285.05
"364",2016,"NIGFS",1,"GB-NIR","74RY","ROT","70","Sprattus sprattus",-5.7523,53.9723,3436.819
"365",2016,"NIGFS",1,"GB-NIR","74RY","ROT","71","Sprattus sprattus",-5.8899,53.8974,20999.8165
"366",2016,"NIGFS",1,"GB-NIR","74RY","ROT","73","Sprattus sprattus",-6.0317,53.8173,12564.312
"367",2016,"NIGFS",1,"GB-NIR","74RY","ROT","75","Sprattus sprattus",-5.8476,53.7064,1957.7151
"368",2016,"NIGFS",1,"GB-NIR","74RY","ROT","76","Sprattus sprattus",-4.3992,54.0144,417.5604
"369",2016,"NIGFS",1,"GB-NIR","74RY","ROT","77","Sprattus sprattus",-4.6929,53.84,57
"370",2016,"NIGFS",1,"GB-NIR","74RY","ROT","79","Sprattus sprattus",-6.0046,53.7332,7269.46
"371",2016,"NIGFS",1,"GB-NIR","74RY","ROT","81","Sprattus sprattus",-5.3861,54.2569,173.124
"372",2016,"NIGFS",1,"GB-NIR","74RY","ROT","83","Sprattus sprattus",-5.2804,54.3358,97
"373",2016,"NIGFS",1,"GB-NIR","74RY","ROT","88","Sprattus sprattus",-5.7143,53.9382,770.148
"374",2016,"NIGFS",1,"GB-NIR","74RY","ROT","92","Sprattus sprattus",-5.8868,53.5677,1696.5543
"375",2016,"NIGFS",1,"GB-NIR","74RY","ROT","93","Sprattus sprattus",-5.8147,53.4864,7
"376",2016,"NIGFS",1,"GB-NIR","74RY","ROT","94","Sprattus sprattus",-5.7949,53.4225,24
"377",2016,"NIGFS",1,"GB-NIR","74RY","ROT","96","Sprattus sprattus",-5.1046,53.8692,2
"378",2016,"NIGFS",1,"GB-NIR","74RY","ROT","99","Sprattus sprattus",-5.0531,54.0909,4
"379",2016,"NIGFS",4,"GB-NIR","74RY","ROT","100","Sprattus sprattus",-5.6828,54.1575,14984.8763333333
"380",2016,"NIGFS",4,"GB-NIR","74RY","ROT","102","Sprattus sprattus",-4.6693,53.7699,10
"381",2016,"NIGFS",4,"GB-NIR","74RY","ROT","103","Sprattus sprattus",-5.4036,53.5867,33.3333333333333
"382",2016,"NIGFS",4,"GB-NIR","74RY","ROT","105","Sprattus sprattus",-5.0579,53.7029,26.6666666666667
"383",2016,"NIGFS",4,"GB-NIR","74RY","ROT","106","Sprattus sprattus",-5.8597,53.1914,1422.53333333333
"384",2016,"NIGFS",4,"GB-NIR","74RY","ROT","107","Sprattus sprattus",-5.5503,53.2601,93.3333333333333
"385",2016,"NIGFS",4,"GB-NIR","74RY","ROT","108","Sprattus sprattus",-5.2296,53.1964,70
"386",2016,"NIGFS",4,"GB-NIR","74RY","ROT","109","Sprattus sprattus",-5.3243,52.9733,26.6666666666667
"387",2016,"NIGFS",4,"GB-NIR","74RY","ROT","112","Sprattus sprattus",-6.0424,52.5516,8047.436
"388",2016,"NIGFS",4,"GB-NIR","74RY","ROT","115","Sprattus sprattus",-4.9233,52.3426,656.099
"389",2016,"NIGFS",4,"GB-NIR","74RY","ROT","116","Sprattus sprattus",-4.3032,52.2924,40
"390",2016,"NIGFS",4,"GB-NIR","74RY","ROT","117","Sprattus sprattus",-4.5036,52.7166,26.6666666666667
"391",2016,"NIGFS",4,"GB-NIR","74RY","ROT","118","Sprattus sprattus",-5.9968,53.2107,1383.707
"392",2016,"NIGFS",4,"GB-NIR","74RY","ROT","119","Sprattus sprattus",-6.1054,52.6131,2567.76666666667
"393",2016,"NIGFS",4,"GB-NIR","74RY","ROT","120","Sprattus sprattus",-5.7648,52.8602,240
"394",2016,"NIGFS",4,"GB-NIR","74RY","ROT","121","Sprattus sprattus",-5.6444,52.8826,554.109
"395",2016,"NIGFS",4,"GB-NIR","74RY","ROT","122","Sprattus sprattus",-4.647,53.1361,336.666666666667
"396",2016,"NIGFS",4,"GB-NIR","74RY","ROT","17","Sprattus sprattus",-5.539,54.1111,21965.9803333333
"397",2016,"NIGFS",4,"GB-NIR","74RY","ROT","208","Sprattus sprattus",-5.7683,53.8176,196.666666666667
"398",2016,"NIGFS",4,"GB-NIR","74RY","ROT","216","Sprattus sprattus",-5.2286,53.9154,33.3333333333333
"399",2016,"NIGFS",4,"GB-NIR","74RY","ROT","246","Sprattus sprattus",-3.7658,53.4806,473.825
"400",2016,"NIGFS",4,"GB-NIR","74RY","ROT","256","Sprattus sprattus",-3.9308,54.634,1954.38833333333
"401",2016,"NIGFS",4,"GB-NIR","74RY","ROT","257","Sprattus sprattus",-3.7619,54.4161,6199.18533333333
"402",2016,"NIGFS",4,"GB-NIR","74RY","ROT","258","Sprattus sprattus",-3.9437,54.3467,7941.384
"403",2016,"NIGFS",4,"GB-NIR","74RY","ROT","259","Sprattus sprattus",-3.7226,54.2922,3728.845
"404",2016,"NIGFS",4,"GB-NIR","74RY","ROT","342","Sprattus sprattus",-3.844,53.9465,86.6666666666667
"405",2016,"NIGFS",4,"GB-NIR","74RY","ROT","345","Sprattus sprattus",-3.5608,54.1283,59258.7133333333
"406",2016,"NIGFS",4,"GB-NIR","74RY","ROT","35","Sprattus sprattus",-5.666,54.7214,10766.2953333333
"407",2016,"NIGFS",4,"GB-NIR","74RY","ROT","46","Sprattus sprattus",-4.9768,54.1819,6.66666666666667
"408",2016,"NIGFS",4,"GB-NIR","74RY","ROT","48","Sprattus sprattus",-4.9794,53.9871,6.66666666666667
"409",2016,"NIGFS",4,"GB-NIR","74RY","ROT","50","Sprattus sprattus",-5.3487,53.7558,330
"410",2016,"NIGFS",4,"GB-NIR","74RY","ROT","51","Sprattus sprattus",-5.0149,53.8845,6.66666666666667
"411",2016,"NIGFS",4,"GB-NIR","74RY","ROT","56","Sprattus sprattus",-5.673,53.5007,66.6666666666667
"412",2016,"NIGFS",4,"GB-NIR","74RY","ROT","63","Sprattus sprattus",-4.2572,54.6083,842.952
"413",2016,"NIGFS",4,"GB-NIR","74RY","ROT","64","Sprattus sprattus",-3.7529,54.6044,25859.2986666667
"414",2016,"NIGFS",4,"GB-NIR","74RY","ROT","71","Sprattus sprattus",-5.8925,53.8968,7351.21066666667
"415",2016,"NIGFS",4,"GB-NIR","74RY","ROT","73","Sprattus sprattus",-6.0741,53.844,20436.9226666667
"416",2016,"NIGFS",4,"GB-NIR","74RY","ROT","75","Sprattus sprattus",-5.8406,53.676,1425.456
"417",2016,"NIGFS",4,"GB-NIR","74RY","ROT","77","Sprattus sprattus",-4.703,53.8328,16.6666666666667
"418",2016,"NIGFS",4,"GB-NIR","74RY","ROT","79","Sprattus sprattus",-5.9968,53.724,515.2
"419",2016,"NIGFS",4,"GB-NIR","74RY","ROT","81","Sprattus sprattus",-5.3966,54.2178,2466.331
"420",2016,"NIGFS",4,"GB-NIR","74RY","ROT","83","Sprattus sprattus",-5.2907,54.3592,183.333333333333
"421",2016,"NIGFS",4,"GB-NIR","74RY","ROT","88","Sprattus sprattus",-5.7012,53.9526,20
"422",2016,"NIGFS",4,"GB-NIR","74RY","ROT","90","Sprattus sprattus",-5.6872,53.6133,210
"423",2016,"NIGFS",4,"GB-NIR","74RY","ROT","92","Sprattus sprattus",-5.9415,53.6143,785.551
"424",2016,"NIGFS",4,"GB-NIR","74RY","ROT","93","Sprattus sprattus",-5.8337,53.525,1219.07433333333
"425",2016,"NIGFS",4,"GB-NIR","74RY","ROT","96","Sprattus sprattus",-5.1082,53.8634,20
"426",2016,"NIGFS",4,"GB-NIR","74RY","ROT","97","Sprattus sprattus",-4.9171,54.3293,13.3333333333333
"427",2016,"NIGFS",4,"GB-NIR","74RY","ROT","99","Sprattus sprattus",-5.0431,54.1074,6.66666666666667
"428",2017,"IE-IGFS",4,"IE","45CE","GOV","FG25","Sprattus sprattus",-6.209,52.016,948.24
"429",2017,"NIGFS",1,"GB-NIR","74RY","ROT","100","Sprattus sprattus",-5.6844,54.1789,27059.5962
"430",2017,"NIGFS",1,"GB-NIR","74RY","ROT","101","Sprattus sprattus",-5.328,54.1296,225.1598
"431",2017,"NIGFS",1,"GB-NIR","74RY","ROT","102","Sprattus sprattus",-4.6702,53.7668,33
"432",2017,"NIGFS",1,"GB-NIR","74RY","ROT","103","Sprattus sprattus",-5.4061,53.5835,51
"433",2017,"NIGFS",1,"GB-NIR","74RY","ROT","105","Sprattus sprattus",-5.0432,53.71,80.3225806451613
"434",2017,"NIGFS",1,"GB-NIR","74RY","ROT","106","Sprattus sprattus",-5.8593,53.1828,150
"435",2017,"NIGFS",1,"GB-NIR","74RY","ROT","107","Sprattus sprattus",-5.5521,53.2466,213
"436",2017,"NIGFS",1,"GB-NIR","74RY","ROT","108","Sprattus sprattus",-5.228,53.2011,27
"437",2017,"NIGFS",1,"GB-NIR","74RY","ROT","109","Sprattus sprattus",-5.3196,52.9879,48
"438",2017,"NIGFS",1,"GB-NIR","74RY","ROT","112","Sprattus sprattus",-6.0429,52.5515,4347
"439",2017,"NIGFS",1,"GB-NIR","74RY","ROT","113","Sprattus sprattus",-5.873,52.3616,69
"440",2017,"NIGFS",1,"GB-NIR","74RY","ROT","115","Sprattus sprattus",-4.9253,52.3391,390
"441",2017,"NIGFS",1,"GB-NIR","74RY","ROT","116","Sprattus sprattus",-4.2738,52.3042,165
"442",2017,"NIGFS",1,"GB-NIR","74RY","ROT","117","Sprattus sprattus",-4.5105,52.7152,132
"443",2017,"NIGFS",1,"GB-NIR","74RY","ROT","118","Sprattus sprattus",-6.0087,53.2384,267
"444",2017,"NIGFS",1,"GB-NIR","74RY","ROT","119","Sprattus sprattus",-6.1049,52.6124,2101.6896
"445",2017,"NIGFS",1,"GB-NIR","74RY","ROT","120","Sprattus sprattus",-5.7648,52.8608,2337.6726
"446",2017,"NIGFS",1,"GB-NIR","74RY","ROT","121","Sprattus sprattus",-5.6436,52.8842,96
"447",2017,"NIGFS",1,"GB-NIR","74RY","ROT","122","Sprattus sprattus",-4.6488,53.1418,120
"448",2017,"NIGFS",1,"GB-NIR","74RY","ROT","17","Sprattus sprattus",-5.5259,54.1226,323.4
"449",2017,"NIGFS",1,"GB-NIR","74RY","ROT","208","Sprattus sprattus",-5.765,53.8379,461.9524
"450",2017,"NIGFS",1,"GB-NIR","74RY","ROT","242","Sprattus sprattus",-4.0347,54.1213,192.960342857143
"451",2017,"NIGFS",1,"GB-NIR","74RY","ROT","243","Sprattus sprattus",-4.1377,53.7958,15
"452",2017,"NIGFS",1,"GB-NIR","74RY","ROT","245","Sprattus sprattus",-4.2367,53.5161,189
"453",2017,"NIGFS",1,"GB-NIR","74RY","ROT","246","Sprattus sprattus",-3.7346,53.4843,18.6885245901639
"454",2017,"NIGFS",1,"GB-NIR","74RY","ROT","247","Sprattus sprattus",-3.5991,53.6447,31
"455",2017,"NIGFS",1,"GB-NIR","74RY","ROT","249","Sprattus sprattus",-3.7516,53.7974,153
"456",2017,"NIGFS",1,"GB-NIR","74RY","ROT","256","Sprattus sprattus",-3.9706,54.6232,3604.7718
"457",2017,"NIGFS",1,"GB-NIR","74RY","ROT","257","Sprattus sprattus",-3.75,54.3997,4334.2728
"458",2017,"NIGFS",1,"GB-NIR","74RY","ROT","258","Sprattus sprattus",-3.9187,54.3311,782.4276
"459",2017,"NIGFS",1,"GB-NIR","74RY","ROT","259","Sprattus sprattus",-3.7197,54.295,964.0566
"460",2017,"NIGFS",1,"GB-NIR","74RY","ROT","342","Sprattus sprattus",-3.8489,53.9462,160.38
"461",2017,"NIGFS",1,"GB-NIR","74RY","ROT","345","Sprattus sprattus",-3.5841,54.1608,1156.0428
"462",2017,"NIGFS",1,"GB-NIR","74RY","ROT","35","Sprattus sprattus",-5.6517,54.7229,381
"463",2017,"NIGFS",1,"GB-NIR","74RY","ROT","48","Sprattus sprattus",-4.988,54.0042,177
"464",2017,"NIGFS",1,"GB-NIR","74RY","ROT","50","Sprattus sprattus",-5.3177,53.7891,19
"465",2017,"NIGFS",1,"GB-NIR","74RY","ROT","63","Sprattus sprattus",-4.2372,54.6107,282
"466",2017,"NIGFS",1,"GB-NIR","74RY","ROT","64","Sprattus sprattus",-3.7791,54.5664,8608.2282
"467",2017,"NIGFS",1,"GB-NIR","74RY","ROT","70","Sprattus sprattus",-5.7476,54.0196,8135.3094
"468",2017,"NIGFS",1,"GB-NIR","74RY","ROT","71","Sprattus sprattus",-5.9611,53.8872,3425.685
"469",2017,"NIGFS",1,"GB-NIR","74RY","ROT","73","Sprattus sprattus",-6.0883,53.848,8200.218
"470",2017,"NIGFS",1,"GB-NIR","74RY","ROT","75","Sprattus sprattus",-5.8393,53.6761,827.5515
"471",2017,"NIGFS",1,"GB-NIR","74RY","ROT","76","Sprattus sprattus",-4.4005,54.0134,1
"472",2017,"NIGFS",1,"GB-NIR","74RY","ROT","77","Sprattus sprattus",-4.7326,53.8155,37
"473",2017,"NIGFS",1,"GB-NIR","74RY","ROT","79","Sprattus sprattus",-6.0027,53.7253,9152.9331
"474",2017,"NIGFS",1,"GB-NIR","74RY","ROT","81","Sprattus sprattus",-5.3872,54.2515,260.5785
"475",2017,"NIGFS",1,"GB-NIR","74RY","ROT","83","Sprattus sprattus",-5.2931,54.3571,246
"476",2017,"NIGFS",1,"GB-NIR","74RY","ROT","86","Sprattus sprattus",-5.4476,54.6168,86.4406779661017
"477",2017,"NIGFS",1,"GB-NIR","74RY","ROT","88","Sprattus sprattus",-5.6994,53.9493,164.210526315789
"478",2017,"NIGFS",1,"GB-NIR","74RY","ROT","90","Sprattus sprattus",-5.6929,53.642,158.457
"479",2017,"NIGFS",1,"GB-NIR","74RY","ROT","92","Sprattus sprattus",-5.8962,53.6165,58
"480",2017,"NIGFS",1,"GB-NIR","74RY","ROT","93","Sprattus sprattus",-5.8283,53.517,57
"481",2017,"NIGFS",1,"GB-NIR","74RY","ROT","94","Sprattus sprattus",-5.7596,53.3743,55
"482",2017,"NIGFS",1,"GB-NIR","74RY","ROT","97","Sprattus sprattus",-4.9154,54.3391,133.4032
"483",2017,"NIGFS",1,"GB-NIR","74RY","ROT","99","Sprattus sprattus",-5.0217,54.1282,14
"484",2017,"NIGFS",4,"GB-NIR","74RY","ROT","100","Sprattus sprattus",-5.6803,54.1792,9381.5727
"485",2017,"NIGFS",4,"GB-NIR","74RY","ROT","103","Sprattus sprattus",-5.4015,53.5884,3
"486",2017,"NIGFS",4,"GB-NIR","74RY","ROT","105","Sprattus sprattus",-5.064,53.6997,6
"487",2017,"NIGFS",4,"GB-NIR","74RY","ROT","106","Sprattus sprattus",-5.8607,53.1989,120
"488",2017,"NIGFS",4,"GB-NIR","74RY","ROT","111","Sprattus sprattus",-5.8146,52.7219,60
"489",2017,"NIGFS",4,"GB-NIR","74RY","ROT","112","Sprattus sprattus",-6.0422,52.5557,453.75
"490",2017,"NIGFS",4,"GB-NIR","74RY","ROT","116","Sprattus sprattus",-4.2649,52.3092,716.0448
"491",2017,"NIGFS",4,"GB-NIR","74RY","ROT","117","Sprattus sprattus",-4.5093,52.7159,390
"492",2017,"NIGFS",4,"GB-NIR","74RY","ROT","119","Sprattus sprattus",-6.1045,52.6123,324
"493",2017,"NIGFS",4,"GB-NIR","74RY","ROT","120","Sprattus sprattus",-5.7644,52.8598,160
"494",2017,"NIGFS",4,"GB-NIR","74RY","ROT","121","Sprattus sprattus",-5.6512,52.8683,143.478260869565
"495",2017,"NIGFS",4,"GB-NIR","74RY","ROT","122","Sprattus sprattus",-4.6497,53.145,15
"496",2017,"NIGFS",4,"GB-NIR","74RY","ROT","17","Sprattus sprattus",-5.5241,54.123,37644.8574
"497",2017,"NIGFS",4,"GB-NIR","74RY","ROT","208","Sprattus sprattus",-5.7699,53.8271,21410.6283
"498",2017,"NIGFS",4,"GB-NIR","74RY","ROT","243","Sprattus sprattus",-4.1254,53.7939,769.5936
"499",2017,"NIGFS",4,"GB-NIR","74RY","ROT","256","Sprattus sprattus",-3.9249,54.6343,5802.336
"500",2017,"NIGFS",4,"GB-NIR","74RY","ROT","257","Sprattus sprattus",-3.7593,54.4029,489
"501",2017,"NIGFS",4,"GB-NIR","74RY","ROT","258","Sprattus sprattus",-3.9193,54.3364,1799.1312
"502",2017,"NIGFS",4,"GB-NIR","74RY","ROT","259","Sprattus sprattus",-3.7058,54.2803,1387.8111
"503",2017,"NIGFS",4,"GB-NIR","74RY","ROT","345","Sprattus sprattus",-3.5814,54.1624,8119.2063
"504",2017,"NIGFS",4,"GB-NIR","74RY","ROT","35","Sprattus sprattus",-5.624,54.7275,490.8042
"505",2017,"NIGFS",4,"GB-NIR","74RY","ROT","50","Sprattus sprattus",-5.3442,53.7558,12
"506",2017,"NIGFS",4,"GB-NIR","74RY","ROT","56","Sprattus sprattus",-5.6443,53.4982,42
"507",2017,"NIGFS",4,"GB-NIR","74RY","ROT","63","Sprattus sprattus",-4.2044,54.617,22759.146
"508",2017,"NIGFS",4,"GB-NIR","74RY","ROT","64","Sprattus sprattus",-3.77,54.5747,15307.2795
"509",2017,"NIGFS",4,"GB-NIR","74RY","ROT","70","Sprattus sprattus",-5.75,54.0206,33486.2952
"510",2017,"NIGFS",4,"GB-NIR","74RY","ROT","71","Sprattus sprattus",-5.8987,53.897,27888.5235
"511",2017,"NIGFS",4,"GB-NIR","74RY","ROT","73","Sprattus sprattus",-6.0799,53.855,10297.2045714286
"512",2017,"NIGFS",4,"GB-NIR","74RY","ROT","75","Sprattus sprattus",-5.8449,53.666,276
"513",2017,"NIGFS",4,"GB-NIR","74RY","ROT","77","Sprattus sprattus",-4.729,53.816,2.85714285714286
"514",2017,"NIGFS",4,"GB-NIR","74RY","ROT","79","Sprattus sprattus",-5.9928,53.714,128231.6832
"515",2017,"NIGFS",4,"GB-NIR","74RY","ROT","81","Sprattus sprattus",-5.3986,54.2129,61388.514
"516",2017,"NIGFS",4,"GB-NIR","74RY","ROT","86","Sprattus sprattus",-5.4321,54.592,81
"517",2017,"NIGFS",4,"GB-NIR","74RY","ROT","88","Sprattus sprattus",-5.6855,53.9814,13213.5267
"518",2017,"NIGFS",4,"GB-NIR","74RY","ROT","92","Sprattus sprattus",-5.885,53.574,276
"519",2017,"NIGFS",4,"GB-NIR","74RY","ROT","93","Sprattus sprattus",-5.824,53.5133,168
"520",2018,"IE-IGFS",4,"IE","45CE","GOV","FG135","Sprattus sprattus",-6.77,52.01,154
"521",2018,"NIGFS",1,"GB-NIR","74RY","ROT","100","Sprattus sprattus",-5.6832,54.1669,13008.762
"522",2018,"NIGFS",1,"GB-NIR","74RY","ROT","101","Sprattus sprattus",-5.3249,54.1313,152
"523",2018,"NIGFS",1,"GB-NIR","74RY","ROT","102","Sprattus sprattus",-4.6546,53.7488,30
"524",2018,"NIGFS",1,"GB-NIR","74RY","ROT","103","Sprattus sprattus",-5.4106,53.5768,293.333333333333
"525",2018,"NIGFS",1,"GB-NIR","74RY","ROT","105","Sprattus sprattus",-5.1033,53.6807,65
"526",2018,"NIGFS",1,"GB-NIR","74RY","ROT","106","Sprattus sprattus",-5.8585,53.1964,336.666666666667
"527",2018,"NIGFS",1,"GB-NIR","74RY","ROT","109","Sprattus sprattus",-5.32,52.9866,1394.176
"528",2018,"NIGFS",1,"GB-NIR","74RY","ROT","111","Sprattus sprattus",-5.8154,52.7223,1632.599
"529",2018,"NIGFS",1,"GB-NIR","74RY","ROT","112","Sprattus sprattus",-6.0414,52.5534,310
"530",2018,"NIGFS",1,"GB-NIR","74RY","ROT","113","Sprattus sprattus",-5.873,52.3623,1471.008
"531",2018,"NIGFS",1,"GB-NIR","74RY","ROT","114","Sprattus sprattus",-5.7799,52.5856,186.666666666667
"532",2018,"NIGFS",1,"GB-NIR","74RY","ROT","115","Sprattus sprattus",-4.931,52.3328,176.666666666667
"533",2018,"NIGFS",1,"GB-NIR","74RY","ROT","116","Sprattus sprattus",-4.2698,52.3063,22542.9813333333
"534",2018,"NIGFS",1,"GB-NIR","74RY","ROT","117","Sprattus sprattus",-4.4788,52.7241,513.333333333333
"535",2018,"NIGFS",1,"GB-NIR","74RY","ROT","118","Sprattus sprattus",-6.0037,53.2251,904.095
"536",2018,"NIGFS",1,"GB-NIR","74RY","ROT","119","Sprattus sprattus",-6.1042,52.6121,704.158
"537",2018,"NIGFS",1,"GB-NIR","74RY","ROT","120","Sprattus sprattus",-5.766,52.8564,1915.935
"538",2018,"NIGFS",1,"GB-NIR","74RY","ROT","121","Sprattus sprattus",-5.652,52.8682,547.616666666667
"539",2018,"NIGFS",1,"GB-NIR","74RY","ROT","122","Sprattus sprattus",-4.6545,53.156,283.333333333333
"540",2018,"NIGFS",1,"GB-NIR","74RY","ROT","17","Sprattus sprattus",-5.519,54.1274,1057.82733333333
"541",2018,"NIGFS",1,"GB-NIR","74RY","ROT","208","Sprattus sprattus",-5.7665,53.8306,239.6225
"542",2018,"NIGFS",1,"GB-NIR","74RY","ROT","216","Sprattus sprattus",-5.1999,53.9447,175.6557
"543",2018,"NIGFS",1,"GB-NIR","74RY","ROT","242","Sprattus sprattus",-4.0427,54.1188,767.2016
"544",2018,"NIGFS",1,"GB-NIR","74RY","ROT","243","Sprattus sprattus",-4.1461,53.8029,9708.024
"545",2018,"NIGFS",1,"GB-NIR","74RY","ROT","246","Sprattus sprattus",-3.78,53.4777,2185.70366666667
"546",2018,"NIGFS",1,"GB-NIR","74RY","ROT","247","Sprattus sprattus",-3.5987,53.6456,4984.8939
"547",2018,"NIGFS",1,"GB-NIR","74RY","ROT","249","Sprattus sprattus",-3.7086,53.7795,2078.24
"548",2018,"NIGFS",1,"GB-NIR","74RY","ROT","256","Sprattus sprattus",-3.988,54.6182,4851.70833333333
"549",2018,"NIGFS",1,"GB-NIR","74RY","ROT","257","Sprattus sprattus",-3.747,54.3969,58630.506
"550",2018,"NIGFS",1,"GB-NIR","74RY","ROT","258","Sprattus sprattus",-3.9452,54.3595,1882.76
"551",2018,"NIGFS",1,"GB-NIR","74RY","ROT","259","Sprattus sprattus",-3.7096,54.2772,2046.25066666667
"552",2018,"NIGFS",1,"GB-NIR","74RY","ROT","342","Sprattus sprattus",-3.8408,53.9521,685.0818
"553",2018,"NIGFS",1,"GB-NIR","74RY","ROT","345","Sprattus sprattus",-3.6143,54.2034,14116.7786
"554",2018,"NIGFS",1,"GB-NIR","74RY","ROT","35","Sprattus sprattus",-5.6602,54.7219,3976.82133333333
"555",2018,"NIGFS",1,"GB-NIR","74RY","ROT","46","Sprattus sprattus",-4.9759,54.1823,366.666666666667
"556",2018,"NIGFS",1,"GB-NIR","74RY","ROT","48","Sprattus sprattus",-4.9915,54.0063,10
"557",2018,"NIGFS",1,"GB-NIR","74RY","ROT","50","Sprattus sprattus",-5.3653,53.729,70
"558",2018,"NIGFS",1,"GB-NIR","74RY","ROT","51","Sprattus sprattus",-4.9729,53.8553,97
"559",2018,"NIGFS",1,"GB-NIR","74RY","ROT","56","Sprattus sprattus",-5.679,53.5034,663.688666666667
"560",2018,"NIGFS",1,"GB-NIR","74RY","ROT","63","Sprattus sprattus",-4.2263,54.6111,608.197333333333
"561",2018,"NIGFS",1,"GB-NIR","74RY","ROT","64","Sprattus sprattus",-3.7829,54.5686,8854.9164
"562",2018,"NIGFS",1,"GB-NIR","74RY","ROT","70","Sprattus sprattus",-5.75,54.0112,38816.6263333333
"563",2018,"NIGFS",1,"GB-NIR","74RY","ROT","71","Sprattus sprattus",-5.962,53.8852,28308.1282
"564",2018,"NIGFS",1,"GB-NIR","74RY","ROT","73","Sprattus sprattus",-6.0718,53.8449,13930.28
"565",2018,"NIGFS",1,"GB-NIR","74RY","ROT","75","Sprattus sprattus",-5.8469,53.7019,2134.14466666667
"566",2018,"NIGFS",1,"GB-NIR","74RY","ROT","76","Sprattus sprattus",-4.4825,53.9898,4
"567",2018,"NIGFS",1,"GB-NIR","74RY","ROT","77","Sprattus sprattus",-4.6813,53.8472,47
"568",2018,"NIGFS",1,"GB-NIR","74RY","ROT","79","Sprattus sprattus",-5.998,53.7196,3341.84133333333
"569",2018,"NIGFS",1,"GB-NIR","74RY","ROT","81","Sprattus sprattus",-5.3918,54.2478,5
"570",2018,"NIGFS",1,"GB-NIR","74RY","ROT","83","Sprattus sprattus",-5.2913,54.3652,2621.54666666667
"571",2018,"NIGFS",1,"GB-NIR","74RY","ROT","86","Sprattus sprattus",-5.4269,54.5743,88
"572",2018,"NIGFS",1,"GB-NIR","74RY","ROT","88","Sprattus sprattus",-5.7059,53.9368,1620.64
"573",2018,"NIGFS",1,"GB-NIR","74RY","ROT","92","Sprattus sprattus",-5.9473,53.6196,807.732
"574",2018,"NIGFS",1,"GB-NIR","74RY","ROT","93","Sprattus sprattus",-5.8165,53.4949,349.618666666667
"575",2018,"NIGFS",1,"GB-NIR","74RY","ROT","94","Sprattus sprattus",-5.7593,53.3804,228.1146
"576",2018,"NIGFS",1,"GB-NIR","74RY","ROT","96","Sprattus sprattus",-5.1351,53.8303,206.666666666667
"577",2018,"NIGFS",1,"GB-NIR","74RY","ROT","97","Sprattus sprattus",-4.8953,54.2961,15
"578",2018,"NIGFS",1,"GB-NIR","74RY","ROT","99","Sprattus sprattus",-5.0224,54.1277,122.0685
"579",2018,"NIGFS",4,"GB-NIR","74RY","ROT","100","Sprattus sprattus",-5.6817,54.1846,5992.24933333333
"580",2018,"NIGFS",4,"GB-NIR","74RY","ROT","106","Sprattus sprattus",-5.861,53.1911,1885.712
"581",2018,"NIGFS",4,"GB-NIR","74RY","ROT","108","Sprattus sprattus",-5.2255,53.2192,5
"582",2018,"NIGFS",4,"GB-NIR","74RY","ROT","111","Sprattus sprattus",-5.8155,52.7191,17.5
"583",2018,"NIGFS",4,"GB-NIR","74RY","ROT","117","Sprattus sprattus",-4.4876,52.7207,3994.452
"584",2018,"NIGFS",4,"GB-NIR","74RY","ROT","121","Sprattus sprattus",-5.6437,52.8852,10
"585",2018,"NIGFS",4,"GB-NIR","74RY","ROT","17","Sprattus sprattus",-5.504,54.1365,9627.33333333333
"586",2018,"NIGFS",4,"GB-NIR","74RY","ROT","247","Sprattus sprattus",-3.617,53.6309,16.6666666666667
"587",2018,"NIGFS",4,"GB-NIR","74RY","ROT","249","Sprattus sprattus",-3.7427,53.7955,562.916666666667
"588",2018,"NIGFS",4,"GB-NIR","74RY","ROT","256","Sprattus sprattus",-3.9917,54.6172,24532.1046666667
"589",2018,"NIGFS",4,"GB-NIR","74RY","ROT","257","Sprattus sprattus",-3.7631,54.4259,569.417333333333
"590",2018,"NIGFS",4,"GB-NIR","74RY","ROT","258","Sprattus sprattus",-3.9443,54.3509,323.333333333333
"591",2018,"NIGFS",4,"GB-NIR","74RY","ROT","259","Sprattus sprattus",-3.702,54.2598,16418.4513333333
"592",2018,"NIGFS",4,"GB-NIR","74RY","ROT","342","Sprattus sprattus",-3.8417,53.95,10
"593",2018,"NIGFS",4,"GB-NIR","74RY","ROT","345","Sprattus sprattus",-3.5762,54.153,7624.78333333333
"594",2018,"NIGFS",4,"GB-NIR","74RY","ROT","35","Sprattus sprattus",-5.6806,54.7207,1871.71333333333
"595",2018,"NIGFS",4,"GB-NIR","74RY","ROT","51","Sprattus sprattus",-4.9864,53.8856,6.66666666666667
"596",2018,"NIGFS",4,"GB-NIR","74RY","ROT","56","Sprattus sprattus",-5.7079,53.5055,133.333333333333
"597",2018,"NIGFS",4,"GB-NIR","74RY","ROT","63","Sprattus sprattus",-4.2477,54.6074,3952.86
"598",2018,"NIGFS",4,"GB-NIR","74RY","ROT","70","Sprattus sprattus",-5.7521,53.9916,26396.0106666667
"599",2018,"NIGFS",4,"GB-NIR","74RY","ROT","71","Sprattus sprattus",-5.882,53.8981,1551.79133333333
"600",2018,"NIGFS",4,"GB-NIR","74RY","ROT","73","Sprattus sprattus",-6.0676,53.8451,32481.905
"601",2018,"NIGFS",4,"GB-NIR","74RY","ROT","76","Sprattus sprattus",-4.4645,53.9946,269.584
"602",2018,"NIGFS",4,"GB-NIR","74RY","ROT","79","Sprattus sprattus",-5.9665,53.6861,306.666666666667
"603",2018,"NIGFS",4,"GB-NIR","74RY","ROT","81","Sprattus sprattus",-5.3979,54.211,71370.754
"604",2018,"NIGFS",4,"GB-NIR","74RY","ROT","83","Sprattus sprattus",-5.2912,54.367,5
"605",2018,"NIGFS",4,"GB-NIR","74RY","ROT","86","Sprattus sprattus",-5.4473,54.6188,153.333333333333
"606",2018,"NIGFS",4,"GB-NIR","74RY","ROT","88","Sprattus sprattus",-5.6902,53.9729,8169.228
"607",2018,"NIGFS",4,"GB-NIR","74RY","ROT","92","Sprattus sprattus",-5.9278,53.6046,440
"608",2018,"NIGFS",4,"GB-NIR","74RY","ROT","93","Sprattus sprattus",-5.8249,53.5074,13.3333333333333
"609",2018,"NIGFS",4,"GB-NIR","74RY","ROT","94","Sprattus sprattus",-5.79,53.4173,6.66666666666667
"610",2018,"NIGFS",4,"GB-NIR","74RY","ROT","96","Sprattus sprattus",-5.1028,53.8723,437.832
"611",2018,"NIGFS",4,"GB-NIR","74RY","ROT","97","Sprattus sprattus",-4.9018,54.307,3.33333333333333
"612",2018,"NIGFS",4,"GB-NIR","74RY","ROT","99","Sprattus sprattus",-5.0237,54.124,216.666666666667
"613",2019,"NIGFS",1,"GB-NIR","74RY","ROT","100","Sprattus sprattus",-5.6774,54.1825,11407.194
"614",2019,"NIGFS",1,"GB-NIR","74RY","ROT","101","Sprattus sprattus",-5.3098,54.0869,52
"615",2019,"NIGFS",1,"GB-NIR","74RY","ROT","102","Sprattus sprattus",-4.6639,53.7544,27
"616",2019,"NIGFS",1,"GB-NIR","74RY","ROT","103","Sprattus sprattus",-5.4181,53.5588,30
"617",2019,"NIGFS",1,"GB-NIR","74RY","ROT","105","Sprattus sprattus",-5.1,53.68,119
"618",2019,"NIGFS",1,"GB-NIR","74RY","ROT","106","Sprattus sprattus",-5.8621,53.1988,21
"619",2019,"NIGFS",1,"GB-NIR","74RY","ROT","112","Sprattus sprattus",-6.0434,52.5669,9129.6663
"620",2019,"NIGFS",1,"GB-NIR","74RY","ROT","113","Sprattus sprattus",-5.8716,52.3756,392.5728
"621",2019,"NIGFS",1,"GB-NIR","74RY","ROT","114","Sprattus sprattus",-5.7788,52.5834,1149.6219
"622",2019,"NIGFS",1,"GB-NIR","74RY","ROT","115","Sprattus sprattus",-4.9182,52.3455,165
"623",2019,"NIGFS",1,"GB-NIR","74RY","ROT","116","Sprattus sprattus",-4.272,52.3057,54
"624",2019,"NIGFS",1,"GB-NIR","74RY","ROT","117","Sprattus sprattus",-4.5127,52.715,189
"625",2019,"NIGFS",1,"GB-NIR","74RY","ROT","118","Sprattus sprattus",-6.0107,53.2406,147
"626",2019,"NIGFS",1,"GB-NIR","74RY","ROT","119","Sprattus sprattus",-6.0986,52.6344,566.166
"627",2019,"NIGFS",1,"GB-NIR","74RY","ROT","120","Sprattus sprattus",-5.7651,52.8608,237
"628",2019,"NIGFS",1,"GB-NIR","74RY","ROT","121","Sprattus sprattus",-5.6498,52.8712,36
"629",2019,"NIGFS",1,"GB-NIR","74RY","ROT","17","Sprattus sprattus",-5.5187,54.1279,7538.8611
"630",2019,"NIGFS",1,"GB-NIR","74RY","ROT","242","Sprattus sprattus",-4.0419,54.1162,9473.7524
"631",2019,"NIGFS",1,"GB-NIR","74RY","ROT","243","Sprattus sprattus",-4.1737,53.8173,1599.4776
"632",2019,"NIGFS",1,"GB-NIR","74RY","ROT","245","Sprattus sprattus",-4.25,53.516,72
"633",2019,"NIGFS",1,"GB-NIR","74RY","ROT","246","Sprattus sprattus",-3.776,53.48,9691.9203
"634",2019,"NIGFS",1,"GB-NIR","74RY","ROT","249","Sprattus sprattus",-3.7051,53.7774,88.695652173913
"635",2019,"NIGFS",1,"GB-NIR","74RY","ROT","256","Sprattus sprattus",-3.9968,54.6181,1920.1098
"636",2019,"NIGFS",1,"GB-NIR","74RY","ROT","257","Sprattus sprattus",-3.7771,54.4324,2988.6705
"637",2019,"NIGFS",1,"GB-NIR","74RY","ROT","258","Sprattus sprattus",-3.9177,54.3309,641.5149
"638",2019,"NIGFS",1,"GB-NIR","74RY","ROT","259","Sprattus sprattus",-3.7213,54.2948,4179.924
"639",2019,"NIGFS",1,"GB-NIR","74RY","ROT","345","Sprattus sprattus",-3.6162,54.1747,1379.182
"640",2019,"NIGFS",1,"GB-NIR","74RY","ROT","35","Sprattus sprattus",-5.6652,54.7239,446.67
"641",2019,"NIGFS",1,"GB-NIR","74RY","ROT","46","Sprattus sprattus",-4.9679,54.1858,15
"642",2019,"NIGFS",1,"GB-NIR","74RY","ROT","48","Sprattus sprattus",-4.9895,54.0048,508.1436
"643",2019,"NIGFS",1,"GB-NIR","74RY","ROT","50","Sprattus sprattus",-5.3221,53.7864,81
"644",2019,"NIGFS",1,"GB-NIR","74RY","ROT","51","Sprattus sprattus",-4.97,53.8551,8
"645",2019,"NIGFS",1,"GB-NIR","74RY","ROT","63","Sprattus sprattus",-4.2357,54.6112,255
"646",2019,"NIGFS",1,"GB-NIR","74RY","ROT","64","Sprattus sprattus",-3.7411,54.6002,3984.0876
"647",2019,"NIGFS",1,"GB-NIR","74RY","ROT","70","Sprattus sprattus",-5.7523,53.9782,6388.2
"648",2019,"NIGFS",1,"GB-NIR","74RY","ROT","71","Sprattus sprattus",-5.9515,53.8886,35083.4484
"649",2019,"NIGFS",1,"GB-NIR","74RY","ROT","73","Sprattus sprattus",-6.073,53.8505,17326.5246
"650",2019,"NIGFS",1,"GB-NIR","74RY","ROT","75","Sprattus sprattus",-5.854,53.7068,51
"651",2019,"NIGFS",1,"GB-NIR","74RY","ROT","76","Sprattus sprattus",-4.4927,53.9876,8
"652",2019,"NIGFS",1,"GB-NIR","74RY","ROT","79","Sprattus sprattus",-6.001,53.7161,15723.3942
"653",2019,"NIGFS",1,"GB-NIR","74RY","ROT","81","Sprattus sprattus",-5.3998,54.2074,1226.184
"654",2019,"NIGFS",1,"GB-NIR","74RY","ROT","83","Sprattus sprattus",-5.287,54.3424,165
"655",2019,"NIGFS",1,"GB-NIR","74RY","ROT","86","Sprattus sprattus",-5.4227,54.5742,25
"656",2019,"NIGFS",1,"GB-NIR","74RY","ROT","88","Sprattus sprattus",-5.7046,53.9337,5227.2
"657",2019,"NIGFS",1,"GB-NIR","74RY","ROT","90","Sprattus sprattus",-5.6967,53.6482,179.197
"658",2019,"NIGFS",1,"GB-NIR","74RY","ROT","92","Sprattus sprattus",-5.8895,53.5709,3720.7579
"659",2019,"NIGFS",1,"GB-NIR","74RY","ROT","93","Sprattus sprattus",-5.8217,53.4962,349.7679
"660",2019,"NIGFS",1,"GB-NIR","74RY","ROT","94","Sprattus sprattus",-5.7956,53.4217,99.1924
"661",2019,"NIGFS",1,"GB-NIR","74RY","ROT","97","Sprattus sprattus",-4.9307,54.3517,23
"662",2019,"NIGFS",1,"GB-NIR","74RY","ROT","99","Sprattus sprattus",-5.018,54.1314,18
"663",2019,"NIGFS",4,"GB-NIR","74RY","ROT","100","Sprattus sprattus",-5.6793,54.1466,59702.4912
"664",2019,"NIGFS",4,"GB-NIR","74RY","ROT","102","Sprattus sprattus",-4.6734,53.7727,12
"665",2019,"NIGFS",4,"GB-NIR","74RY","ROT","103","Sprattus sprattus",-5.3953,53.5985,219
"666",2019,"NIGFS",4,"GB-NIR","74RY","ROT","105","Sprattus sprattus",-5.0606,53.7043,359.6079
"667",2019,"NIGFS",4,"GB-NIR","74RY","ROT","106","Sprattus sprattus",-5.86,53.2101,339
"668",2019,"NIGFS",4,"GB-NIR","74RY","ROT","107","Sprattus sprattus",-5.552,53.2539,84
"669",2019,"NIGFS",4,"GB-NIR","74RY","ROT","108","Sprattus sprattus",-5.2254,53.2185,30
"670",2019,"NIGFS",4,"GB-NIR","74RY","ROT","111","Sprattus sprattus",-5.8217,52.7046,424.8237
"671",2019,"NIGFS",4,"GB-NIR","74RY","ROT","112","Sprattus sprattus",-6.0385,52.573,1233.7914
"672",2019,"NIGFS",4,"GB-NIR","74RY","ROT","115","Sprattus sprattus",-4.9365,52.3271,231
"673",2019,"NIGFS",4,"GB-NIR","74RY","ROT","116","Sprattus sprattus",-4.2762,52.3027,1262.0484
"674",2019,"NIGFS",4,"GB-NIR","74RY","ROT","117","Sprattus sprattus",-4.519,52.7143,39
"675",2019,"NIGFS",4,"GB-NIR","74RY","ROT","119","Sprattus sprattus",-6.0999,52.6271,1279.7112
"676",2019,"NIGFS",4,"GB-NIR","74RY","ROT","120","Sprattus sprattus",-5.7693,52.8472,51
"677",2019,"NIGFS",4,"GB-NIR","74RY","ROT","122","Sprattus sprattus",-4.6536,53.1505,255
"678",2019,"NIGFS",4,"GB-NIR","74RY","ROT","17","Sprattus sprattus",-5.5123,54.1297,31909.8528
"679",2019,"NIGFS",4,"GB-NIR","74RY","ROT","208","Sprattus sprattus",-5.7735,53.7906,18262.3662
"680",2019,"NIGFS",4,"GB-NIR","74RY","ROT","216","Sprattus sprattus",-5.2266,53.9174,174
"681",2019,"NIGFS",4,"GB-NIR","74RY","ROT","243","Sprattus sprattus",-4.1746,53.8167,66
"682",2019,"NIGFS",4,"GB-NIR","74RY","ROT","245","Sprattus sprattus",-4.2358,53.5119,3
"683",2019,"NIGFS",4,"GB-NIR","74RY","ROT","256","Sprattus sprattus",-3.9471,54.628,1065.225
"684",2019,"NIGFS",4,"GB-NIR","74RY","ROT","257","Sprattus sprattus",-3.7586,54.413,7142.3736
"685",2019,"NIGFS",4,"GB-NIR","74RY","ROT","258","Sprattus sprattus",-3.9188,54.3315,1566.033
"686",2019,"NIGFS",4,"GB-NIR","74RY","ROT","259","Sprattus sprattus",-3.7159,54.2873,680.9616
"687",2019,"NIGFS",4,"GB-NIR","74RY","ROT","345","Sprattus sprattus",-3.5857,54.1661,785.9634
"688",2019,"NIGFS",4,"GB-NIR","74RY","ROT","35","Sprattus sprattus",-5.617,54.7278,509.0112
"689",2019,"NIGFS",4,"GB-NIR","74RY","ROT","46","Sprattus sprattus",-4.9624,54.1931,36
"690",2019,"NIGFS",4,"GB-NIR","74RY","ROT","50","Sprattus sprattus",-5.3556,53.7456,144
"691",2019,"NIGFS",4,"GB-NIR","74RY","ROT","51","Sprattus sprattus",-4.9799,53.8621,39
"692",2019,"NIGFS",4,"GB-NIR","74RY","ROT","56","Sprattus sprattus",-5.6504,53.5098,102
"693",2019,"NIGFS",4,"GB-NIR","74RY","ROT","64","Sprattus sprattus",-3.7558,54.6036,2453.0961
"694",2019,"NIGFS",4,"GB-NIR","74RY","ROT","70","Sprattus sprattus",-5.7524,53.9849,30444.4176
"695",2019,"NIGFS",4,"GB-NIR","74RY","ROT","71","Sprattus sprattus",-5.9215,53.892,54379.5528
"696",2019,"NIGFS",4,"GB-NIR","74RY","ROT","73","Sprattus sprattus",-6.0785,53.8559,26669.0934
"697",2019,"NIGFS",4,"GB-NIR","74RY","ROT","75","Sprattus sprattus",-5.8398,53.6648,1155.8706
"698",2019,"NIGFS",4,"GB-NIR","74RY","ROT","77","Sprattus sprattus",-4.7349,53.8132,15
"699",2019,"NIGFS",4,"GB-NIR","74RY","ROT","79","Sprattus sprattus",-5.9851,53.6987,17718.42
"700",2019,"NIGFS",4,"GB-NIR","74RY","ROT","81","Sprattus sprattus",-5.3897,54.2419,7743
"701",2019,"NIGFS",4,"GB-NIR","74RY","ROT","83","Sprattus sprattus",-5.2965,54.3723,6
"702",2019,"NIGFS",4,"GB-NIR","74RY","ROT","88","Sprattus sprattus",-5.707,53.9414,4451.1288
"703",2019,"NIGFS",4,"GB-NIR","74RY","ROT","92","Sprattus sprattus",-5.9408,53.6186,2525.691
"704",2019,"NIGFS",4,"GB-NIR","74RY","ROT","93","Sprattus sprattus",-5.8241,53.4947,36
"705",2019,"NIGFS",4,"GB-NIR","74RY","ROT","96","Sprattus sprattus",-5.1291,53.836,640.4208
"706",2020,"IE-IGFS",4,"IE","45CE","GOV","33A","Sprattus sprattus",-6.752,52,150
"707",2020,"NIGFS",1,"GB-NIR","74RY","ROT","100","Sprattus sprattus",-5.6824,54.153,3735.0789
"708",2020,"NIGFS",1,"GB-NIR","74RY","ROT","102","Sprattus sprattus",-4.6561,53.745,363
"709",2020,"NIGFS",1,"GB-NIR","74RY","ROT","106","Sprattus sprattus",-5.8611,53.196,165
"710",2020,"NIGFS",1,"GB-NIR","74RY","ROT","107","Sprattus sprattus",-5.5527,53.2418,78
"711",2020,"NIGFS",1,"GB-NIR","74RY","ROT","111","Sprattus sprattus",-5.8186,52.7105,435
"712",2020,"NIGFS",1,"GB-NIR","74RY","ROT","114","Sprattus sprattus",-5.7796,52.5803,120
"713",2020,"NIGFS",1,"GB-NIR","74RY","ROT","115","Sprattus sprattus",-4.912,52.3502,333
"714",2020,"NIGFS",1,"GB-NIR","74RY","ROT","116","Sprattus sprattus",-4.2788,52.3012,6
"715",2020,"NIGFS",1,"GB-NIR","74RY","ROT","117","Sprattus sprattus",-4.4914,52.7203,51
"716",2020,"NIGFS",1,"GB-NIR","74RY","ROT","120","Sprattus sprattus",-5.7652,52.8568,872.256
"717",2020,"NIGFS",1,"GB-NIR","74RY","ROT","123","Sprattus sprattus",-4.7454,52.9307,117
"718",2020,"NIGFS",1,"GB-NIR","74RY","ROT","17","Sprattus sprattus",-5.5057,54.1342,899.9694
"719",2020,"NIGFS",1,"GB-NIR","74RY","ROT","208","Sprattus sprattus",-5.7705,53.8152,96
"720",2020,"NIGFS",1,"GB-NIR","74RY","ROT","216","Sprattus sprattus",-5.1997,53.9403,8
"721",2020,"NIGFS",1,"GB-NIR","74RY","ROT","242","Sprattus sprattus",-4.0412,54.1264,11742.8544
"722",2020,"NIGFS",1,"GB-NIR","74RY","ROT","243","Sprattus sprattus",-4.1809,53.8206,432.684
"723",2020,"NIGFS",1,"GB-NIR","74RY","ROT","245","Sprattus sprattus",-4.2481,53.5186,45
"724",2020,"NIGFS",1,"GB-NIR","74RY","ROT","246","Sprattus sprattus",-3.8149,53.4753,4079.0985
"725",2020,"NIGFS",1,"GB-NIR","74RY","ROT","247","Sprattus sprattus",-3.6361,53.6097,2177.3136
"726",2020,"NIGFS",1,"GB-NIR","74RY","ROT","249","Sprattus sprattus",-3.6984,53.771,915.267
"727",2020,"NIGFS",1,"GB-NIR","74RY","ROT","256","Sprattus sprattus",-4.0006,54.6134,575.421
"728",2020,"NIGFS",1,"GB-NIR","74RY","ROT","257","Sprattus sprattus",-3.7372,54.3838,2433.6615
"729",2020,"NIGFS",1,"GB-NIR","74RY","ROT","258","Sprattus sprattus",-3.9379,54.3526,1085.238
"730",2020,"NIGFS",1,"GB-NIR","74RY","ROT","259","Sprattus sprattus",-3.6987,54.2498,48181.9485
"731",2020,"NIGFS",1,"GB-NIR","74RY","ROT","342","Sprattus sprattus",-3.8367,53.9107,96
"732",2020,"NIGFS",1,"GB-NIR","74RY","ROT","345","Sprattus sprattus",-3.5762,54.1465,3105.621
"733",2020,"NIGFS",1,"GB-NIR","74RY","ROT","46","Sprattus sprattus",-4.9664,54.1923,114
"734",2020,"NIGFS",1,"GB-NIR","74RY","ROT","50","Sprattus sprattus",-5.3633,53.7337,28
"735",2020,"NIGFS",1,"GB-NIR","74RY","ROT","56","Sprattus sprattus",-5.6516,53.5011,114
"736",2020,"NIGFS",1,"GB-NIR","74RY","ROT","63","Sprattus sprattus",-4.229,54.6112,276
"737",2020,"NIGFS",1,"GB-NIR","74RY","ROT","64","Sprattus sprattus",-3.7878,54.5702,1594.3662
"738",2020,"NIGFS",1,"GB-NIR","74RY","ROT","70","Sprattus sprattus",-5.7496,54.0104,2367.0588
"739",2020,"NIGFS",1,"GB-NIR","74RY","ROT","71","Sprattus sprattus",-5.9572,53.8843,25890.1376
"740",2020,"NIGFS",1,"GB-NIR","74RY","ROT","73","Sprattus sprattus",-6.0328,53.8167,12958.9632
"741",2020,"NIGFS",1,"GB-NIR","74RY","ROT","75","Sprattus sprattus",-5.8423,53.7142,49
"742",2020,"NIGFS",1,"GB-NIR","74RY","ROT","77","Sprattus sprattus",-4.7461,53.806,197.018
"743",2020,"NIGFS",1,"GB-NIR","74RY","ROT","79","Sprattus sprattus",-5.9903,53.7213,3893.238
"744",2020,"NIGFS",1,"GB-NIR","74RY","ROT","83","Sprattus sprattus",-5.2829,54.3402,500.1507
"745",2020,"NIGFS",1,"GB-NIR","74RY","ROT","86","Sprattus sprattus",-5.4263,54.5718,167
"746",2020,"NIGFS",1,"GB-NIR","74RY","ROT","88","Sprattus sprattus",-5.6976,53.9424,50
"747",2020,"NIGFS",1,"GB-NIR","74RY","ROT","90","Sprattus sprattus",-5.6848,53.6037,191
"748",2020,"NIGFS",1,"GB-NIR","74RY","ROT","92","Sprattus sprattus",-5.9168,53.5991,57
"749",2020,"NIGFS",1,"GB-NIR","74RY","ROT","96","Sprattus sprattus",-5.098,53.8726,39
"750",2020,"NIGFS",4,"GB-NIR","74RY","ROT","100","Sprattus sprattus",-5.6846,54.1622,11821.329
"751",2020,"NIGFS",4,"GB-NIR","74RY","ROT","105","Sprattus sprattus",-5.0627,53.7013,3
"752",2020,"NIGFS",4,"GB-NIR","74RY","ROT","107","Sprattus sprattus",-5.5523,53.2645,84
"753",2020,"NIGFS",4,"GB-NIR","74RY","ROT","108","Sprattus sprattus",-5.225,53.2192,141
"754",2020,"NIGFS",4,"GB-NIR","74RY","ROT","109","Sprattus sprattus",-5.3231,52.9767,135
"755",2020,"NIGFS",4,"GB-NIR","74RY","ROT","111","Sprattus sprattus",-5.8144,52.7227,33
"756",2020,"NIGFS",4,"GB-NIR","74RY","ROT","112","Sprattus sprattus",-6.0368,52.568,42
"757",2020,"NIGFS",4,"GB-NIR","74RY","ROT","113","Sprattus sprattus",-5.8748,52.3557,240
"758",2020,"NIGFS",4,"GB-NIR","74RY","ROT","114","Sprattus sprattus",-5.7763,52.5989,9
"759",2020,"NIGFS",4,"GB-NIR","74RY","ROT","116","Sprattus sprattus",-4.2746,52.3043,72664.4997
"760",2020,"NIGFS",4,"GB-NIR","74RY","ROT","17","Sprattus sprattus",-5.5199,54.119,669.771666666667
"761",2020,"NIGFS",4,"GB-NIR","74RY","ROT","256","Sprattus sprattus",-3.9738,54.6215,1985.5149
"762",2020,"NIGFS",4,"GB-NIR","74RY","ROT","257","Sprattus sprattus",-3.7568,54.4105,62949.3984
"763",2020,"NIGFS",4,"GB-NIR","74RY","ROT","258","Sprattus sprattus",-3.9367,54.3398,24086.3502
"764",2020,"NIGFS",4,"GB-NIR","74RY","ROT","259","Sprattus sprattus",-3.7089,54.2703,46715.8545
"765",2020,"NIGFS",4,"GB-NIR","74RY","ROT","345","Sprattus sprattus",-3.57,54.1437,51433.3236
"766",2020,"NIGFS",4,"GB-NIR","74RY","ROT","35","Sprattus sprattus",-5.6777,54.7206,240
"767",2020,"NIGFS",4,"GB-NIR","74RY","ROT","50","Sprattus sprattus",-5.344,53.7553,6
"768",2020,"NIGFS",4,"GB-NIR","74RY","ROT","51","Sprattus sprattus",-4.9911,53.8826,3
"769",2020,"NIGFS",4,"GB-NIR","74RY","ROT","64","Sprattus sprattus",-3.7704,54.5786,40719.0015
"770",2020,"NIGFS",4,"GB-NIR","74RY","ROT","70","Sprattus sprattus",-5.7509,54.0119,51510.9288
"771",2020,"NIGFS",4,"GB-NIR","74RY","ROT","71","Sprattus sprattus",-5.9325,53.8909,7695.357
"772",2020,"NIGFS",4,"GB-NIR","74RY","ROT","73","Sprattus sprattus",-6.0456,53.8128,55694.64
"773",2020,"NIGFS",4,"GB-NIR","74RY","ROT","75","Sprattus sprattus",-5.8454,53.6954,291
"774",2020,"NIGFS",4,"GB-NIR","74RY","ROT","76","Sprattus sprattus",-4.4268,54.0041,288
"775",2020,"NIGFS",4,"GB-NIR","74RY","ROT","79","Sprattus sprattus",-5.9853,53.6965,200930.9013
"776",2020,"NIGFS",4,"GB-NIR","74RY","ROT","81","Sprattus sprattus",-5.3943,54.2184,195
"777",2020,"NIGFS",4,"GB-NIR","74RY","ROT","83","Sprattus sprattus",-5.2945,54.379,3
"778",2020,"NIGFS",4,"GB-NIR","74RY","ROT","86","Sprattus sprattus",-5.4304,54.5831,12
"779",2020,"NIGFS",4,"GB-NIR","74RY","ROT","88","Sprattus sprattus",-5.6949,53.971,27005.4876
"780",2020,"NIGFS",4,"GB-NIR","74RY","ROT","90","Sprattus sprattus",-5.6956,53.6458,159
"781",2020,"NIGFS",4,"GB-NIR","74RY","ROT","92","Sprattus sprattus",-5.9008,53.5873,14818.4742
"782",2020,"NIGFS",4,"GB-NIR","74RY","ROT","93","Sprattus sprattus",-5.8236,53.4965,2385.4182
"783",2020,"NIGFS",4,"GB-NIR","74RY","ROT","96","Sprattus sprattus",-5.1031,53.8668,590.8548
"784",2021,"NIGFS",1,"GB-NIR","74RY","ROT","100","Sprattus sprattus",-5.6825,54.1445,2068.6338
"785",2021,"NIGFS",1,"GB-NIR","74RY","ROT","101","Sprattus sprattus",-5.3092,54.0836,40
"786",2021,"NIGFS",1,"GB-NIR","74RY","ROT","102","Sprattus sprattus",-4.6496,53.7353,102
"787",2021,"NIGFS",1,"GB-NIR","74RY","ROT","103","Sprattus sprattus",-5.4249,53.5562,15
"788",2021,"NIGFS",1,"GB-NIR","74RY","ROT","105","Sprattus sprattus",-5.0475,53.711,22
"789",2021,"NIGFS",1,"GB-NIR","74RY","ROT","106","Sprattus sprattus",-5.8609,53.1925,57
"790",2021,"NIGFS",1,"GB-NIR","74RY","ROT","107","Sprattus sprattus",-5.5524,53.2582,18
"791",2021,"NIGFS",1,"GB-NIR","74RY","ROT","108","Sprattus sprattus",-5.2273,53.2123,15
"792",2021,"NIGFS",1,"GB-NIR","74RY","ROT","109","Sprattus sprattus",-5.3192,52.9875,6
"793",2021,"NIGFS",1,"GB-NIR","74RY","ROT","111","Sprattus sprattus",-5.8195,52.7093,33
"794",2021,"NIGFS",1,"GB-NIR","74RY","ROT","112","Sprattus sprattus",-6.0387,52.569,12
"795",2021,"NIGFS",1,"GB-NIR","74RY","ROT","113","Sprattus sprattus",-5.8746,52.3562,60
"796",2021,"NIGFS",1,"GB-NIR","74RY","ROT","114","Sprattus sprattus",-5.7807,52.594,21
"797",2021,"NIGFS",1,"GB-NIR","74RY","ROT","115","Sprattus sprattus",-4.9403,52.3254,138
"798",2021,"NIGFS",1,"GB-NIR","74RY","ROT","116","Sprattus sprattus",-4.2978,52.2937,33
"799",2021,"NIGFS",1,"GB-NIR","74RY","ROT","117","Sprattus sprattus",-4.5196,52.7131,111
"800",2021,"NIGFS",1,"GB-NIR","74RY","ROT","119","Sprattus sprattus",-6.1008,52.6322,51
"801",2021,"NIGFS",1,"GB-NIR","74RY","ROT","121","Sprattus sprattus",-5.6497,52.8703,27
"802",2021,"NIGFS",1,"GB-NIR","74RY","ROT","123","Sprattus sprattus",-4.7384,52.9424,30
"803",2021,"NIGFS",1,"GB-NIR","74RY","ROT","17","Sprattus sprattus",-5.507,54.1349,405.1719
"804",2021,"NIGFS",1,"GB-NIR","74RY","ROT","216","Sprattus sprattus",-5.2495,53.8993,9
"805",2021,"NIGFS",1,"GB-NIR","74RY","ROT","242","Sprattus sprattus",-4.0223,54.0793,5414.7756
"806",2021,"NIGFS",1,"GB-NIR","74RY","ROT","246","Sprattus sprattus",-3.7577,53.4817,1229.5557
"807",2021,"NIGFS",1,"GB-NIR","74RY","ROT","247","Sprattus sprattus",-3.6425,53.6082,53228.9584
"808",2021,"NIGFS",1,"GB-NIR","74RY","ROT","249","Sprattus sprattus",-3.7242,53.785,1181.4048
"809",2021,"NIGFS",1,"GB-NIR","74RY","ROT","256","Sprattus sprattus",-3.9917,54.6171,396
"810",2021,"NIGFS",1,"GB-NIR","74RY","ROT","257","Sprattus sprattus",-3.7399,54.3818,15125.1696
"811",2021,"NIGFS",1,"GB-NIR","74RY","ROT","259","Sprattus sprattus",-3.6972,54.2479,3474.2421
"812",2021,"NIGFS",1,"GB-NIR","74RY","ROT","342","Sprattus sprattus",-3.8425,53.961,3761.4252
"813",2021,"NIGFS",1,"GB-NIR","74RY","ROT","345","Sprattus sprattus",-3.5609,54.1344,13508.1648
"814",2021,"NIGFS",1,"GB-NIR","74RY","ROT","35","Sprattus sprattus",-5.6404,54.7248,2313.5952
"815",2021,"NIGFS",1,"GB-NIR","74RY","ROT","46","Sprattus sprattus",-4.9379,54.219,90
"816",2021,"NIGFS",1,"GB-NIR","74RY","ROT","48","Sprattus sprattus",-4.9747,53.9746,9
"817",2021,"NIGFS",1,"GB-NIR","74RY","ROT","63","Sprattus sprattus",-4.2349,54.6114,467.142
"818",2021,"NIGFS",1,"GB-NIR","74RY","ROT","64","Sprattus sprattus",-3.7616,54.5872,25681.5888
"819",2021,"NIGFS",1,"GB-NIR","74RY","ROT","70","Sprattus sprattus",-5.763,53.9794,970.641
"820",2021,"NIGFS",1,"GB-NIR","74RY","ROT","71","Sprattus sprattus",-5.9515,53.8871,754.8748
"821",2021,"NIGFS",1,"GB-NIR","74RY","ROT","73","Sprattus sprattus",-6.0701,53.845,8282.5905
"822",2021,"NIGFS",1,"GB-NIR","74RY","ROT","75","Sprattus sprattus",-5.842,53.6988,281.520305084746
"823",2021,"NIGFS",1,"GB-NIR","74RY","ROT","76","Sprattus sprattus",-4.4849,53.9899,2
"824",2021,"NIGFS",1,"GB-NIR","74RY","ROT","81","Sprattus sprattus",-5.3891,54.2491,1493.7603
"825",2021,"NIGFS",1,"GB-NIR","74RY","ROT","83","Sprattus sprattus",-5.2906,54.3581,336
"826",2021,"NIGFS",1,"GB-NIR","74RY","ROT","86","Sprattus sprattus",-5.4257,54.5706,6
"827",2021,"NIGFS",1,"GB-NIR","74RY","ROT","88","Sprattus sprattus",-5.712,53.9383,625.1708
"828",2021,"NIGFS",1,"GB-NIR","74RY","ROT","90","Sprattus sprattus",-5.6965,53.6465,43
"829",2021,"NIGFS",1,"GB-NIR","74RY","ROT","92","Sprattus sprattus",-5.9192,53.6019,3635.5725
"830",2021,"NIGFS",1,"GB-NIR","74RY","ROT","93","Sprattus sprattus",-5.8165,53.4834,72
"831",2021,"NIGFS",1,"GB-NIR","74RY","ROT","94","Sprattus sprattus",-5.7534,53.376,171
"832",2021,"NIGFS",1,"GB-NIR","74RY","ROT","96","Sprattus sprattus",-5.1037,53.8745,132
"833",2021,"NIGFS",1,"GB-NIR","74RY","ROT","97","Sprattus sprattus",-4.8975,54.2946,134
"834",2021,"NIGFS",1,"GB-NIR","74RY","ROT","99","Sprattus sprattus",-5.0166,54.1285,4
"835",2021,"NIGFS",4,"GB-NIR","74RY","ROT","100","Sprattus sprattus",-5.6793,54.1571,28407.7602
"836",2021,"NIGFS",4,"GB-NIR","74RY","ROT","101","Sprattus sprattus",-5.3237,54.1138,249
"837",2021,"NIGFS",4,"GB-NIR","74RY","ROT","17","Sprattus sprattus",-5.5483,54.1034,631.9152
"838",2021,"NIGFS",4,"GB-NIR","74RY","ROT","208","Sprattus sprattus",-5.7776,53.804,9
"839",2021,"NIGFS",4,"GB-NIR","74RY","ROT","247","Sprattus sprattus",-3.6357,53.6114,21
"840",2021,"NIGFS",4,"GB-NIR","74RY","ROT","249","Sprattus sprattus",-3.7031,53.7747,1103.4933
"841",2021,"NIGFS",4,"GB-NIR","74RY","ROT","256","Sprattus sprattus",-3.9194,54.6351,53755.2576
"842",2021,"NIGFS",4,"GB-NIR","74RY","ROT","257","Sprattus sprattus",-3.7645,54.4039,105624.0339
"843",2021,"NIGFS",4,"GB-NIR","74RY","ROT","258","Sprattus sprattus",-3.8956,54.3195,15628.3002
"844",2021,"NIGFS",4,"GB-NIR","74RY","ROT","259","Sprattus sprattus",-3.6928,54.2559,29618.5278
"845",2021,"NIGFS",4,"GB-NIR","74RY","ROT","345","Sprattus sprattus",-3.5882,54.1555,2836.56
"846",2021,"NIGFS",4,"GB-NIR","74RY","ROT","35","Sprattus sprattus",-5.6688,54.7251,4118.7132
"847",2021,"NIGFS",4,"GB-NIR","74RY","ROT","48","Sprattus sprattus",-4.9835,53.9954,66
"848",2021,"NIGFS",4,"GB-NIR","74RY","ROT","51","Sprattus sprattus",-4.9958,53.894,6
"849",2021,"NIGFS",4,"GB-NIR","74RY","ROT","63","Sprattus sprattus",-4.2605,54.6046,910.4376
"850",2021,"NIGFS",4,"GB-NIR","74RY","ROT","64","Sprattus sprattus",-3.7677,54.5671,12883.6212
"851",2021,"NIGFS",4,"GB-NIR","74RY","ROT","70","Sprattus sprattus",-5.7598,53.9854,31612.5252
"852",2021,"NIGFS",4,"GB-NIR","74RY","ROT","71","Sprattus sprattus",-5.9362,53.8909,7918.23
"853",2021,"NIGFS",4,"GB-NIR","74RY","ROT","73","Sprattus sprattus",-6.0645,53.8376,38698.884
"854",2021,"NIGFS",4,"GB-NIR","74RY","ROT","75","Sprattus sprattus",-5.8404,53.6986,3
"855",2021,"NIGFS",4,"GB-NIR","74RY","ROT","79","Sprattus sprattus",-5.9862,53.6932,5049.5088
"856",2021,"NIGFS",4,"GB-NIR","74RY","ROT","81","Sprattus sprattus",-5.3974,54.2108,16742.1828
"857",2021,"NIGFS",4,"GB-NIR","74RY","ROT","83","Sprattus sprattus",-5.2849,54.3435,318
"858",2021,"NIGFS",4,"GB-NIR","74RY","ROT","88","Sprattus sprattus",-5.7063,53.9446,615.6276
"859",2021,"NIGFS",4,"GB-NIR","74RY","ROT","92","Sprattus sprattus",-5.8998,53.583,3
"860",2021,"NIGFS",4,"GB-NIR","74RY","ROT","93","Sprattus sprattus",-5.8272,53.5035,18
"861",2021,"NIGFS",4,"GB-NIR","74RY","ROT","94","Sprattus sprattus",-5.7929,53.4154,2.72727272727273
"862",2021,"NIGFS",4,"GB-NIR","74RY","ROT","96","Sprattus sprattus",-5.1061,53.8671,12
